id,polyline
17490714907,mwxbFf~jgVI?KFCF?JHJ`@FHDJRD\EtEBbMAbEBfGC`AB`A@|HBtBR|ABbCDHTBxDKdA@dIAv@CfBA\@HF@HCX@hACnAHrBBFB@l@AF@DB
17490714905,k}ybFja`gVICAKAk@@KLCpAGJCHKD]E}BBIFGVEdBA|GQx@?VDHFDLD\@~@TzF@rAPrJCzAAhBRrI\bWLrED|F?ZE\Yt@W`@uO`S@AgBrB}AvBaQzT{@hAcEbFkDzEgG|HaDlEG^DTR\pBvAjA~A|ClEr@rAt@bBd@v@tTzZd@t@Vj@Z|@Pr@Lr@LdA@vAF|B@|JBr@Cfp@F`Aj@zBJl@@n@?CPf@NLVF~CEjD?zCEtIAdADzGGf@BNFDFBXCvBBpHBd_@CZGPMD[CKBEFCNFLJDLE?F
17489773055,w{wbFxhmgVDO?UGmBBoDCg@IGOA}BHa@DMJEFGf@DlE?|KCLMVIDK@MAgEkD{HaG@Du@u@oAcA{GoFeL{IWYcFsDi`@{Z_@Wo@[cAq@s@g@MGQD[R}CjE_@\ULkCl@eBLkARe@LuTtIWLmBlAgA^eBt@e@NiAb@g@LcL@qBAaB@sTBgGCaBBm@C_BBo]DgF?wCDgHAaACe@Im@]kAgA?@S?OBUVMVw@`CyAhF@CWn@o@zBk@zBe@bEGbAGrBApB@`BFnAR~B`@lCpB|IJl@Dj@IhWGtHCp@I\Sh@QXSTa@VoBx@gAn@iB|@oAfAq@t@}@vAk@rA_@dAe@vBQlBE`CFpN?dMBpFCdDEnB?~FDjH?A?pFD|B@nKJtOArCEn@K\KHKD}ABg@Fq@Ng@Lq@VqAr@sAlAw@`Ag@~@k@nAQj@g@zBOlAG`AEnAB|IAlLK~A]hBC\Cl@BbCKnDMnA_@hB_@fAe@`Aw@dAsApAm@v@q@jAg@rAUz@SlAi@dEc@vCSp@e@bA@Aa@vAw@pHO|@Sl@_@p@i@j@cEjCi@d@e@j@a@n@]t@Yv@uAlGqAxF[lAUhAmAlFkA|E]x@gBxCc@`A}@nEkBvH_@dAsA|Eo@dCyK~e@i@hCc@xAkDvOmFjUs@dDm@~BsBlJ{ElS]jB{CbMoCrLc@fBuBfHyAjFoA|DmB~GYlBGnBK|@Il@Ol@iFhQa@vAg@xBo@nBeA|D_@hAKHG?OG_@YMW?GBA@@
17099811964,mrtbFh`ogVSKSAKDKNG~BKrABVLVRPbAn@zC`Cj@\tClCbAdAzBhCb`@be@CE@Cv@jAdHpIp@r@p@dAFT?XM~Aq@vLUhEElBWhDGh@On@IP_@ZGBSAgAQoAIkAO}BUq@AOFENKbBKp@KLGDU?}B]{AMa@IQGQOEIUkAIYOOKEeALs@Ng@Ek@@[@u@Na@Bg@?w@KY?wAHm@@g@Ag@I]M[QcB}Aa@[YOkBs@eA[u@QuB[s@GyACgCHcFl@qCVgBHqA@aBEwDa@mACYBGCIa@WG]CIDMP_@BOHu@l@}@f@OHO@s@KYKOYSy@M_@OQSM_@OK?mARe@Bg@@yCCkAHmCScBSkCS@A?u@GuCC_EB}AEiQ@QHa@`@}@Fa@Ca@Uq@Ka@Iy@Ey@Ck]AqEC{ABsBAsL@wQLqFAyMO}G?sJC}L@sEFuFCwAB{@CO?D]@_@LWM_@E{BFgAAMBRd@BR@`A?nDBl@DHHFx@FRDLPDVVpH?bECj@GVONUB{@EeBAiCDKBIFCLBbAEf@GD[?ID
17099811957,y{wbFphmgVDi@?kCGmDGGOAaCHc@HMNIf@F~B?tJFxA?dBACDDBl@Jf@PXn@l@nFdEtBdBfAbAvDxCdDrBrB`AbE|AdBb@dC\zAPhBJbEBxCB|F\`D^jC^|Dr@hAVdBh@jC~@rD|AzAx@nAr@bBhA|@r@rEhD`@Vl@j@EG?@
17016235275,{hnbFnfvgVILKDG@ICMOcFkKu@sAq@_AqCmDkFgHi@q@k@m@oCwBy@u@oAyAiAsBsAiDaAaBi@s@qE{DgSwSaP}OaCgCyCwCaLkLqB_CqGuG{BgCGKCMB[JU^m@FWB[CaGGy@Mc@Va@FA?LOb@E\HdG?`AMXq@t@QJS?ICII[e@{@gAaA}@]e@@Be@s@oA}Am@_A_AcAaLaNqCaDu@u@sB}BgAsA]g@gCwCcDaE{GcIgBoBiEcEuC}BsFwDgAo@_D_Be@SiDqAsBo@aCo@yBc@aDa@uC[cDW_EOaDEoB@oBK_BOmB[uBi@yCeA{Am@m@QYO{CwBcA}@yDyCi@k@iBqAcG}EUSQUK_@Ea@CaG@gACoIB_@DMFGJEVAv@BnCAj@DPHDHDVArCCt@Bt@ELE@g@@CD
17016235279,y{wbFxhmgVBC@SCiE@uBCSKGY?uBD]FMJEHEh@HjTBt@Jf@PVbHpFXZhBtAj@j@hEhDrA|@~@h@~BlAxDvAjBd@|B\`BTrAHfABjC?xDF|EXrALhFp@v@J`Dl@xBn@zCdAxCnAbBx@hDtBlJ`HbB|AjAlApC~Cn`@ne@ACv@jAtMtO~BvCnC|ChAfApA|A|@~@nHtHjCfCzCbDhGhGjKbKdJ~JlJvJtIhIt@`AvDxGlBxCl@r@f@f@fChBz@z@|GfJjAtAf@t@AEnB|C~DfHv@dAr@nA?CLENKPY@KCSYa@AI@EHEXE@ICG
16919525664,{jacFxabgVH@REH?FBLPn@lBCC?Ap@fBV`A~FtODT?DECz@k@f@dA|@`CHVJt@HNNPJf@JPRPF\A@BBLZRNFt@Rf@Zp@JLNBNGbCqBj@YdBmAjAo@pDaCbBsAnH_HdPaLdBqAtA{@zAgA`CwAZ]b@u@t@g@VKXCn@BvAJ^?`@El@QdAk@x@[`BYlA_@nB[^Kb@SH?FFfAlBzItN|BxDp@`AAE@?~BhDbB|BtJtOpBdDv@zAbA|AbBvCpAtBd@l@n@hA?EABJTb@r@`DjEdKbO`AxAp@lAh@v@b@d@hAt@`@^xEvGb@t@xA~Cb@t@pTtZb@r@Xj@h@~A\dBFt@?dAHhBBzYCdEBhBCxO@`JFr@d@fBLl@JdANd@HFZBlDClC@fDEpICxBDrFEd@BLHDTCtCD~CBt@CdAHjjADfF@rF@\RhB?bA@\FXDHPLL@v@I`GGv@Gl@BlCBlAClDCv@FPJFVEpEBv@CJGF]?IB
16888227303,gywbFngmgV`@KFM@S?eAF_AAcBE]EGOKa@AaADq@AiADm@Ao@EaAFkM@YAKEGIEOBeCEcS?D?A@]@cAEqHI{~@CgAS}B@yC?BC@EYGSOQ[GM?sJNqHBuCFcGA{@C]Ek@IMEIKGMGgA]kBI}AB_]CyGEy[Ew@OgAQs@_@oA_@}@e@w@uDcFBBm@_AsMwQo@gAw@mBmAqBoEgGc@a@_Ao@k@o@q@cAy@wAuNuSa@s@}D{FaBmC{B}DcHiLgIqMq@cAy@yAeB{BoB{CoLoRWi@@ObA{Ap@{@DK?CIEYBa@FYJe@X]b@e@\g@TaAXo@f@g@VyA^[RSPw@hAWPe@Pq@Pe@D[?sAO[Ai@D[LYRa@`@e@r@WRwAz@mEtCsGtEs@d@}BbBuE~CuFjFcCrByAdAqEnCyA~@c@V}@x@oAv@QCSWg@}ACU@]SIIKO{@C@CAS]Sk@MYIQQ_Aq@kB[s@cAiB]gAsAoDaDcIYe@g@k@e@_AWYOEUDKAQ]S@SH[?
16838899546,kywbFrgmgVf@EBCDQ?mABKLMf@EhC?p@Gn@Dn@CREHSBi@E_AG_GWmEGYOQSGk@CQIEKC[D_A@}@AyBE_@GKIGBEJAtCDtAGZDTI`@AIBKgB?sAMeHAcC@kHAiDEoB@eR?e@Da@FKHIJCh@DrLE|CI`ABtCApBGn@Dd@IZA`HA~AJrBChA@pEApAEpFCvNApCGC?RGJKDUE}R?{B@OF[DMNSJCx@Dx@@dHCzFAd@@hCEvAB`DAbLMlE?fSGdGFZCf@MZCx@?CA`AMFIH]AeA?qFBw@Dc@To@~@iA\i@L]Ls@DgACyC@mGBc@VgB@}BCMIIeBkAg@c@[]E]BuIFaABGHIVE|BOTIDODu@RiACQSIy@M_A@QG{@_@g@KWOm@m@_@WuDkByBaASEUC_BJOCGEISUcAAm@FgAA]Oe@i@aAoA}@oAkAoAcAkBkA}@q@cC}A_@OYEe@Ce@@wAX}@Hk@ZWJgATc@BgAKe@Ia@O_@Wu@}@i@w@c@y@Me@QeAK}AAcAG{A@}AA][aCKe@[k@y@w@e@y@gBcEOU[_@Q[o@aBQu@OkBEmB?yBHsBAUYc@i@iAeAaDk@uAq@{@KGO?}@NMAEEESK{@ImAW{@QmAg@aCKy@Oe@MUgA{@e@e@sB_B_@Uy@WaAiAy@w@Sc@a@kA[q@c@qA[q@IIUIeAOuAMa@IUIQQOWSq@W[u@e@kB{@OMAG?EDEJC`EAz@FAA_C@]CwABKBAFBHJJzAr@b@Vv@|@b@~@ZV^JzBPx@RPLJRt@xBd@~@Z~@\f@tBrBRLl@NbAr@`DnCVXJVFXNhAb@|BVdB?HEBq@BGFCNPhCFhC?hCDfA@~BF~BFlGDr@VtABr@?^Gv@s@rCI`AA`@BvHCtFC~@BGC?EzABnDJx@Pv@Bz@@bMEpBITGFUFmB?iCVaG@_@BQHEHET?dAAh@EXK\EFKFaA@YBSLER?zGBd@J~@?HEDIACI?IDCH@DF@hDDLFABGEIEACDCv@SPWFoCEyJ@gABeAPkBB_@FQHEHETRvBDxACzAERML_@DsFAsRFuACkBBa@GkAa@_@Co@@@@AAOLKPIf@Ap@BbF@vXE~BK^B?@HCjIFxHBjd@D`UJ`HEJMF]Ke@EoBFqAAGBNh@@V@pFBZFNNHr@FRFFFFTVhFD~EAtAG^MNQBmAAmEBg@DEDCF@`ACn@GD_@?CD
16797840310,gcccFjekgVNDFFBNFv@JLDLINw@t@k@z@c@`AYdAc@rBWbBcD|P@EKZKd@StAoAdH]pDSzAEJE@SGMAqABQACEFEp@AzBMX@t@HnBL^@hN?bAI|@Af@It@@z@?`AJnA@p@DtNCbBIr@?~@IlER\AjAKd@Kd@ArBB~@FbB@fADhH?^ADAPU^s@d@mBz@mCAD@?AAvCiKXmAVo@NIH?RJr@r@d@XXHh@Djp@G|A@z@A~@DhCGh@@jCAfN?jHExBDt@CvKAt@CZGlHwC~AaAVM~GkCpKgE`AWlAIjB[lAWf@OVQRU~CiE\SJ?JH\^xAlAn^hYdHxFA?d@`@bCfBlHtFlC|B`At@~Ar@tAjAACXHN?HELQBMCgC@k@BYDIPMTAlD?bFCzKE^HLPBJ@fCGbADv@AVGDa@?E@CB
16797840170,_idcFd{ngVFBNAB@Hb@V\BLB|BN\TPRDT@xFECARGHINYFW@[CqE?DBm@?m@CiB@}@D{@~Fuk@v@aITyAdAkFJ}@~FuZRu@Re@j@eAd@cAPSp@g@C@?OGQURMFWM]C?C
16797840084,ufccFppkgVe@xByBrL{AxH{AtIObAwDl_@o@pFwA~NEz@?tBCv@B`B?hCEx@GXQPIBwACwA?uA?E@?@c@KIICIDQ@c@?{@CYCIOKO_@EAMA?I
16797840103,ejacF`abgVZX`@`AV~@AGORB?ACBCAARVb@t@XdAXt@|ErMNf@ALCLQRa@Rw@d@kJlGgA|@m@^m@XkCjBq@p@i@v@U`@Wt@k@z@@CGTE^@VDZNVxB`CtH`JPX@FAJiBhCgBnCc@j@{@v@gBpA}DrDm@p@}@jAw@rAw@dB}AfEkAnCc@nAWzASp@[n@e@f@YR[Nk@L[Bi@Eq@KgAY{B[_@?i@BaAN]J]VY^Wd@s@xAqDrIg@|A_BnC}@jAeBvAkDrAWHkANS?e@EYK[WOQAIHAf@PZHP@^EDBvAbCjCbEJRBVCXOVmAnAaAn@qCnAi@b@iAl@OPIPAND`@`ClIHh@AZEJWPgB|@cG`DeA^qAVy@\}A`Am@b@CJ@ZFX`@fAnFnP`BxENTJFLBJALErAsAXUj@[j@QlAQ~DKt@Kb@K`Ae@nDoCz@[d@IXCh@@v@Nf@Rd@XVT^f@pBdD^^VPXNf@Pf@Jt@BJ@RLDHBXA`AB^Tb@HDd@HJFFLD^DtE?dVHjKA`@G^c@dBKTQLIBoA@s@NuAd@qAx@
16787570441,oywbFngmgVTEHIFQFe@FoEAa@GIIEUCaADmA?qBDo@CuCD{CCkEBa@CKCGGKWBsA?gMEoC@wCAqECaC@uCCyWGuFD{A?uBC}RAq@S_D@cAC_AC]GYGIII[CuJR}@C{AByCAoDFwGAuAMKCQMKYEq@_@kBIw@Ae@@a]EqRC}@By@AyMGw@QiAWcAa@qAa@{@i@w@cDoE?D_@q@kNyRe@{@q@aBeAgBwEsGc@c@aAq@w@}@cBoCeG{IwAmBoBwCwA}Bq@{@_@q@g@q@{A_CeD{Fs@gAy@wAuJwO{BoDq@_AmAwBs@cAw@aA{NyUu@qAEO?Gr@iAdAoADKAEEAOAkARa@V[b@URs@`@_AT_Ap@c@RwAXo@RWJ_An@a@Po@Le@@e@?u@JkBp@a@V]Zc@r@WXaCtAyBxAcAn@wDpCgC`BcBnAqFvDoAnAaEvD}@t@mA|@qBlAu@h@y@b@oBpAk@Zs@r@iAt@ODOGU[c@uACWAWAEUQU}@CF[c@Mm@Ys@O{@i@{A[u@m@eAWm@_B{DaAuCy@mBs@oBBFcA{Ai@kA[WGAS@g@XkA|@eAr@K@EGG]XmALqBHa@Rg@
16709753278,krtbF~_ogVC?MEK?SDGHEvAEp@Id@EBE?SIeAy@u@c@eCsAsAm@qAg@yCcA{Bq@uA[_Cc@qBYqGm@iFSmDEgA@y@AeBIy@IyB]aB_@eA[qDwAq@OqBkA_BkAm@m@oEkDm@k@cBoAkG_FWUQ[EQEc@AeIEaDBcA?}BBUJOPGJA~@BdBElADRFDFDHBVAt@?dBCj@@p@IRK@Y?E@?B
16709753284,oyybFvn`gVAI?s@As@F[NSTIdABpEOJ?JBHHJTB|C@ZFRDDRBlAMb@@RDPN@LIr@Cx@?rBVdLFbAH\PTHBbAMtFSvBCJDFFHTAtBTtDD|CBABPDLPJTFfAAdPi@bCAvFSbBEvD@JBPLFVKlAHhEBbDCr@O|AEt@I`LGfAQvASrA[bCKf@EDEACEBKDCF@hD|CZDfACrHAlCC^B|@Rt@Ej@BpC@zDA\BJJDTE|D@zEAhIBnl@B|BC~@@Eo@zDQpC@nGAhADzAC~OB|@D`@HNHDH@X@JBhAn@r@LrZId@@ZFFFFT@NE~ABXLn@CLCBE?EI?EDGD?DH@bDDNF?BGEGC?GFEp@Kz@?xG@LDLRNHBf@G\A`HCjD?d@Lf@TfA|@FHDJE~F@tAAxIBhB@tHMfG@hLBzAAzEBn[\fNXxI@t@An@F`B@lDJzBh@rbAEh@ITKDw@Gk@@]Di@Ne@Va@\_@f@QZSp@Kp@?b@FtBFXLNTHb@VFA
16709753283,oywbFngmgV^GHGHgADiBAoAEa@CEMKa@CmHH_G?cBB_AAwA?WESKGICMDq@?sBE{N?}A@y@EsIA{]EqV@eGCoBQcBAcC?BA?AgACOQYKGMCu@D}@?GBqABmDDqG@B?iCHwCCmEAwAKYIGKEMGaAa@iBI_B@w[CeQEuD@eLC}AMgAMs@m@sBq@wAaEyF?@e@w@wM{Qe@y@{@mB[m@cAaB}DoFa@c@kAy@SUGMAOB[HIVSTWhA_BlA}ArAkB`HqIlDyE~BwC`AiA~F{HnEwFj@q@dG{H|@oAxJeMp@aAL[B_@?o@?CADKeDGcCAwCOmEG}DEmDU{MBaCGsDCGGGIA{BNWCOMEW@yAEiAGWEGOG_BJ{DLi@FKJCRH`CBJBC
16494549573,krtbFb`ogVYIWBGFCvAItAGDE?_@Oo@e@eCuAcD_BcBo@mDgAaCq@wA[aEm@aGi@iCO}BGkA?kAEkABiACuCUqBYyA_@wDqAkBu@o@QwCqBuAmAoDoCo@o@qByAiGaFSUQ[Ic@CiA?{AEwM@q@BYHSFGTE|ADdCCVDPHDHBX?hDAJMRHp@?LADID]AC@AB
16494549586,y{wbFvhmgVFG?OGwABmEC[CKIGQ?aCBQ@MDMNCHCZFzD@fKCvA?PFLAAH~@Nd@t@r@tDtCvC`C~@z@|ExDnCfBtCtAhBr@|Ah@~A^dDd@zCTv@AhHHpETlBPnEl@hFz@bAXtBp@fBn@rBx@rB`AjAn@vClB@AGAJg@L{ABu@?_ADWBGFCD?p@j@D?
16267441168,mrtbFv_ogVC?WQEKIgAGKQKEMBs@PkARi@NYPW^[`@WTIXGd@E`BAb@@fAExg@MEA|@B`RItACzFLhM?rCBdCAnEB~EA~DG~Kk@`DKj@@ZDj@N`A`@h@LZDj@@`b@u@f@?h@DLHHd@^lJn@hNJxAt@fGh@dCh@bD|@`HDt@@t@Av@Ev@Kt@Sz@gG`R[`AIb@Eb@At@HzFFtB?XGX?ECX@PJLHBT?xD[dCMbF_@bDOvCSdFWxHi@tAGzCCv@Ir@SbA_@zAw@t@QzDShGWh@Av@Dh@HZHXL|BrAb@P`ARd@Pn@`@`AbATLX@XGt@WrB{@ZIZGX?LB~@b@f@Jv@?nBS\@XFd@T`@^zAfBj@bALJr@`Al@d@r@\tCx@d@TbAx@b@TtExAfDpAbG`BhE`ArHhBXLDLEJF?BCEDBKCKII[MeFsA{FmAcG_BaA[oBy@gDeAw@Yc@WkBmAm@UgBe@yAy@c@c@gAcBu@aAgAiAYS]Ok@I_@?iBRm@@i@IaAc@]GO@k@LoChAk@L]@[KeAkAg@]k@SmAY_@M]QeAq@k@Wm@Oo@Go@?_BBwH\{@F]Fi@PiBt@D?C@eARu@Pi@F}EXqFR}DXm@@mCNsDLgDZkDToFVgCFuCNaAFgBX{@Fy^h@wB?iBC}PRD?a@AeDLq@@mAAwC@iDCiDI{AQ]AeDA{BFm@EOEYSoFoGoBsBDDCAk@}@kCiDmAqAq@cAiKaMsGoHyK{MgBoBsBeCuCeDaD{CeBwAqB{AkFoDmE}BaBq@_C{@uBo@eBe@uBc@cEi@cGi@yAI{BGiDEgB?kACyBSeC_@{Aa@i@QD@E?_@OoE}Ay@e@iCgBwAoAyC_CiAaAsI{Gm@k@Q]Ia@Ce@CoRBk@HUDGHEVA~@BvC?^DPLBJ@XGbDDdAAREJCBa@?ED
16267441104,mywbFtgmgVDG^GBODwAFq@?e@A}AGSECQGc@AeFFS@GDMVAb@DzQBnABd@Fb@JZPV^^lDnC`EdDvBhBdClBxCnBdCjA|B~@~Af@dB`@nC^hAJfAFxABrC?dCDjFXdBPzDh@bFz@x@RfDfAbA^bCbAlDfBvClB@ACEHc@JsAFaCBSJGLBf@f@DE
16228922244,y{wbFrhmgVDE@YEkC@uDCGICwABuAFQJGRAXBhFArIEz@MVIFI@KAWMkB_BqEmD_@SeAc@gA}@?BKCM?MJKVA\HzW?~EBtDFf{@F~X?lIBtFBrL?ECt@?bBBlVElCB`C@E@|KEnH@bTHxD?tG@IFvbBB`P?zQAdABjF@~`@CfLDnI@tYDnCEtG@lRBhGDnCCrCUnGCdA@pMDxHNnCZhCxAvHZvBXpCHvAD|A@`O?ECfABhLD|BAdLYpJItEC`GIxAUxB@NBCDQNaAR{C\sUFoBAc[@gAF}A?w@CiIY}FQoB[gCeBgJScBKsBC}CIcE@qLH_DPgG@{FDqDHmA?DByADkKGuHCyMC_cAB}PGaZA_Y@aIE_b@@}IIed@EsCCiH@FAA@a@AuLB}BAmBDuBCyF@wIC_C@oPEkHAkOEgJG}k@CgM?yLCaQ@o@CqDEqVBq@HYFGJATHzDbDVVBD?NQh@CBHAAGVa@LCD@hFfEPTA?LXKU?IFwADOVe@D[EsQDa@JOTCx@@`ACN@LDDLCl@?|B@v@DbABDn@AJ@@B
16207147044,kvwbFthhgV?[F{AA_@MiAIIWEw@G_CIwCGeGA}GF_@@QJCb@
16207147067,mywbFpgmgVXCHEDEF]DwBAqBCYGMEESCWA{EHeACwC?_JBYASIEIIYCwICc@AmHD_DG}HAyJ@wCC{E?{OGmTBePCsC@sBEyFAmN@gFBMDITCjDB|AEzMGlBD`CAv@NHF@h@Db@?PWx@I@i@BOHEHC^
16151511425,gywbF~gmgVb@c@DWAaA@kDE[CGOI[CaDAcMNgBEkA?a@EQGQq@EyLFmKG_TBuC?kBKwWG_G?cJCu@KqB?gEAIUa@KEYE_@AqA@_EJqE@cFFmABeGC_AEm@Kk@OQQK]c@wCGw@Ae@@_NC_KB{AGgIByCE_GBwLEy@Gw@O}@a@uAc@cAo@iAaDsE_@{@}KiOmBqCmAgCiAoBuByCoAcBq@s@aAu@]]mB_DcE}F{BeDuCyDsAoBu@_Ai@gAoCaEsB}DoBiDiAcBkDyFcJ{NkAuB}AqByEqHaBoCqEcHQ_@@Qz@eB`@o@BMCKKCW?_@FWHc@Vm@j@g@ZmAb@kAt@gCx@gBx@y@RsAHe@FeBd@o@X_@Zu@~@oDbCw@l@{CjBkA~@mAl@eC`BqEdDwBxA}HjHeCrBeAp@aAp@yErCcAt@}@f@O?USe@oAGUC_@CKOQ_@u@a@i@ISY{@WiAu@kCCWc@s@_@w@mGiPYi@y@cAc@y@OQMGYFII
16085189174,uiacFpbbgVt@fBbAfBjArCbBrEzAnEFR?L\Ab@YBDNz@dArCZdAJPLFF`@b@x@LbAHZ^z@PXXRP@XKbBkAfAg@tAu@hIkFv@m@x@s@tBaCl@y@zAmAbC{At@o@|A}@dKeHpCgBhC}ArAuAXUXMXCxBJ^?b@Gz@UbBy@`@O|AUz@WzB_@|@[H@DD`DjFtAtB|EnItEbHxBxClEdHxBzChC`EnA~BnCnEjBjD|@vAr@pApEbG|GxJ|AvBl@`Ap@pAf@t@d@h@|ApAb@b@xDfF\h@fBrDfEpGt@dAdBvBxB`Db@n@h@`ArA|Ar@~@dA|A\n@\~@ZbAVfAHv@BfE?vDHlG@bCAbKElA@rFCpG?bMBv@F`@b@nAPx@?TK^DXJVTPbAFpBGrCArDMl@?r@DbGElBDbB@zCDPDBFF\Bv@FpF?xJDnG@lVChLB`KD~B@fRFhDThBLXHF\HxCGhIB~DGhDBTDNJBH@T?bAMdB@bAGNI@SACB
16085189161,oywbFhgmgV`@MDIDY@cADo@AuBESOMQEm@?oDDwAEo@@aAJkABuB?kDEe@EUGOOIYEo@Aq@DgOE}R?_JDw@EcFCiKBeHCoLCaEMgDCiDMy@OQIGKC]CcIReDDsAAo@Be@C}CJ}A@kFM{@MYMIKK]_@aCGw@Cy@BwKCaF@iGBkAAqA@uEAgFBsFI{HGgBIeAWwAa@uAw@cBmAqB}A{Bm@sAgBmBwFyHqCiE}AyCaA}A}AqBmAmB{@iAc@a@{@o@[Y@@Wi@s@gAqB_CiA}A_EeGwAoBaCcE{AeCiBmC}JiPuNcU}CoEmIiNqEeHKU?OPMh@}@z@y@DE@IS?g@F}@RoAx@oBr@u@f@u@`@}AZWHoAr@a@Na@HuAHu@Hi@N_Br@m@`@]l@YXyA~@uBzAgBdAwElDqHbFcCfBcDbDaCvBs@j@qBtAmFtCsAbAyBlBc@VSFIAGCKQe@{AE[FUKKGMWmB@a@CE[QU[@n@Sm@U{@aAgC_@o@Wm@cBaFmA{C}@oBi@qAeAkBw@oBMG[?SMv@I
16047836075,ortbFb`ogVYIQ@IFCJCvAMx@CB]D]OcDqBeD_BqBw@qC_AsA_@aCk@yEs@_E[sF[}FKwB?eBGk@GuASkCo@uCaAgDqAq@c@qByAqCaCwGcFkFuEa@a@O]I_@Ey@?uPBmAFWFGHEVCpDFl@DPJJRBf@CrECLGFa@J
16046730329,a`sbF|cqgVITFJBADEJo@HyAAa@CMEOSYmC}C_@_@eHaIeFgGiDiEqFiGqHwHeCqBcCgBGk@Bm@AqABQLOh@@BA
16046730302,wf|bFp_dgVHBZKHDHHZn@Tt@NR|DdFlBpC|@jAjGhJdAfBXr@\XpBvA^\x@fAzCnEb@z@dAzBZj@rBvC~CfErDjFr@hAfDtEp@dAf@lA^vAR|APhFDpK?rFExCBxC?fFDfGEvF@bIJfAb@dBHj@Fp@J\NPJFZDlCCtG?vBChG?vBBdGA^BLFBFDb@?|AAxIEbCArEDhLA`L@fDAz@FlMAxCDzD@vG?vCCvC@jDBfBNfDDrBJx@Tp@TZVVhBlArDtCfFhEdAr@pDrClC~BbIrGhDxBjB|@`A`@fCz@z@T`Dh@jANvDRhIJbDP~DXXJ~@Pp@FbC^bBZ|@RvFfB|Ap@hDdBtCfBlCjBvFtEzCvC`CtClE~EdE~EjB`CtC|DnFbGbCxCXb@N\@d@Cf@CPCEAQCB@D
16046730291,eywbFlgmgVFGPEBIDmAFw@?eACu@G]OIa@CkEBsACiABuBCsBDeDAc@CUCQMISCk@GyL@aBCeDFq@?w@EyJC_\GmF@aCFc@E}KCwEQoE?iCEk@EKOSIGKC]CoDF}HHwDAcDFwF?{@EaAQUKMW_@qCImAA{@C_S@eOCsJBqEEwIAy@KkAKw@UeAQq@Wo@a@{@]k@_DaEsAoByAqBwIyLgAgBq@qAy@wAoEgGkBsBQWIW@MHOz@_A|@kAvG_IrCqDZg@DQAISW
16037031579,c_qbFb_kgVDh@Gv@@d@AXMz@[j@KXSfBCf@B^A|@IrBJzCAnEFrGBxKEhDKRSJaGHmBHSCGGKUc@oCMsBs@u^Ao@F{@CIO?Q?UHBb@ADk@GIDKJCRFrACXMRWFaBDMFGb@C`BGVQLWBcA?cCDyCBe@Bk@N]By@AqHFiFJUAi@ImBI}E_@g@Ag@D{@V_FnBuB|@kAx@oBjB_BnAuBbAo@TgB`@MFg@`@WD_FJyOAsBBwH?_ACiASeA?ME]CaBDuB@yDD_BAgGBaCCsEHk@CeE@iACSEEEEWF_CCkBBu@?SEKc@HQJIOc@E[@q@Ja@BoBCCBJRFZHlH@FLFn@?PFNRFXT~CHjBBdEE`AIPEFSDgCPaB?o@BSBO?GDAJBnAKJ]@C@
16037031381,iywbFjgmgVb@GFGHqAFUJGdHEd@GDCBG?eBCkDKkDM_CEYEKGEaAMOICIEi@BiFEc@OODEhE?t@BHE`@?FDBFH`BFVDHFDR@~A?JCi@Cy@?YDKFEPCX?lBD\DFF@`NCdDCbU?lCAd@@~@Ld@@|MAtCBtHAhIMJCLWPQXIbB_@n@Wv@c@vB_BdCyB`Aq@lBy@rFwBp@Sd@Cf@@dGb@v@Jn@BnNIrCGhAKdHGzAEXEFIBGDmBFe@FGHCvACTGHGHS@e@Cg@Mm@@IRMt@?@GC_@DQt@JEyAC_EBmAHc@FEHEzAQdEu@`AMRANBDDBJJp@LVh@hGDLb@@AB@c@DOJQ\a@HYHw@@{ALo@
16005223985,{wxbFp~jgVC@EEEB?J@HDF^HLHFLBb@CfG@xHBhGDpCGhA?vDHxDA`CBpB@^NtABdABVLNPDdGN~@?xBGbB@d@FjAG|A?rAC\b@X~E?`@EN_@?
16005223998,uhacFbbbgVGn@TbADHb@h@Xj@h@`BhFlNHXBNBGd@Y^ZVl@Vt@^|BFPLNNHZt@^h@Ph@JPRx@`@dALPHBPBPIv@q@z@q@pAs@dBiAjEkCtC}BpGeG^YlBqAnAg@RMfB{Ap@g@`Aq@hAo@fEqCbCkBrBqARSj@aAb@e@ZOZGnD?n@Ez@Ur@_@p@SdAObAUdAA`@Cv@Qf@UD?JFd@n@`F~HrGrKpBnC|CnEtDdGvCpErBhDfBdDnAlBjAxBbAbB`BbCPl@NVdHfJtB|CjAlBxCdEt@rA^j@b@b@rAdAf@f@nCrDfA`BhC`Fx@nAnInLfBlC`B|BnA|An@bAb@|@\x@b@hBL|@D|@H~C?xHH`G@dDCnEHdDGfE?pEKnINfDh@jDFt@Bn@DVLTJFJDXBrDG|@BjBEhD?AAhAAbE@|BFzDAlAEV@DBFNBTJ~F@rBApEF`E?bE@pCG`G?~CKP]CGG?CBAJ@
16000012826,}{wbFthmgVDQ?QCcBBaFWG[A_EDuAAeDFqCEiB@UGMSAO@oDEcB@yHE{CCQFaC?uBCqC@wEEoJ?qGCuD@gJG_M?}CCkAOmB@oEEq@YYKCWAeFR}EJsADyHB_HKkAKUIGGKYk@yCI_AAq@A{ICiEBaHEmLH}G?sIEcFImAWkBUiAWw@_@aAi@{@}BwC]s@Y_@}CaE{@cAe@m@eDyE{@sAg@}@o@uBWg@m@_AmGwHaA{@i@i@sMyR_CaDiAsAuAmB_EkGgAmBo@uAoCcF{AiCmBkCkFqIeBiC}@gBgAuA_EmGmBmCgDsFeBmCMW?Mf@u@dAqABMAECCMC[FkEpBi@PaAp@]PaBX}CvAc@JyADu@JcBl@aAt@c@p@[^oCbBiLdIkKhHoGbG{C`CeIfFy@b@m@l@eAp@MLMFOEMMm@gBCS?[EEOEEGI}@Wc@Ge@gBgGw@cAYm@aA_D}AwD}A}EgAqBU]QOICM@MH
15969784032,qkqbFb~ggVABMWGg@GKc@[eBy@k@e@QGSD]N_AdAY`@MVSv@KbACv@@zDCtC?bCLrGBj@Pr@Xl@v@jAPv@DtBA~@EXSLS@mB@gOAgIF{DAuABiCGqFF{ECeE?wCEmBBeDAsBDcB@kBAe@EkAB}CNwKHyGA{ACeDDqIAyEBeBEsCD{E?{@EmPHk@CIZAn@[PINEVAz@BfAAbBDdECdTHbHEvXDxFD`C@JCr@@dAILiCQeBCUBCHHt@DnB?vBDb@FJF@r@HPHLPJf@PfCLpC?bDG|AK^MHkCCgDFMBIHCPA`ACZABID]?
15976390721,ozkbFnzwfVEHCL@bA?dCAlDC`@GNMH]Dk@?u@PSZGXC|@D`AXtDHj@Pf@TZp@l@j@ZTHTFrAL`@Nv@\z@LLJXf@NLPJ\HzARp@NdA`@\TFJHXAn@_AjHKXUXGL@JRLfDd@r@H|@?xAIp@@p@FrGt@^Hp@\TH`CRj@Ex@S\K~Aq@fBc@p@Kn@GX?p@HfAN`@LjAj@`@T\Z^d@r@nAh@v@v@z@d@b@t@d@jAXLHHLLx@LR\NbAJh@JRLh@j@HDNBVEHGHMD_@Gu@e@qBKcBAuBF{BLgAL]RQNIf@QbAEpBFzAE`B@fABt@Nb@PPNh@fAX^JFn@PdAn@f@j@R`@^ZJBZGj@[h@UjCy@|AUnGsAj@A`@FdA^h@XTF`@@^G|@m@~@g@~AaAdBmAj@q@j@_AnAgCf@{@b@yAz@}AZs@|AaEhAcBZo@d@oAZaBh@wBJeAE{BFsAPu@v@iBL_@Fe@F_BDg@Hc@Vk@tBqCh@e@h@]^S\Mp@ETEt@_@P@h@P^F\CXKXOl@u@bA}ANc@P}@d@}@La@Bc@GwA@[DYhBmE~@gCXc@NGJ?LHj@t@LFDAPOT[Tc@Tq@r@eE?[KeA?UV]XWN[v@sEj@iBXsAlAoEHc@JyAj@uF\iB\qAPg@Zi@n@e@JSLa@hA{AxBkBz@o@`Ak@tAs@j@Un@_@f@g@n@{@Zk@jA{CzD{KfAeDJQvAqAJM~@cDRg@V_@n@e@`@Q|Aa@`@QZ]d@{@Na@DYAuCBk@FSJG^K`AKvCCpA_@nBgATGHBJPDAhCa@v@SjBg@jDe@r@OpAm@RKxAqA`Au@dB{AxBeBpCiAf@Of@EV@dAPfAAx@IbA?d@K`Bq@ZYRg@?[Qi@w@kAGGEAEDITe@h@YNg@NoANsA@[Hu@b@a@Hc@?u@I]Ay@Fe@F_@Je@XeBzA_HdFUNgAb@_B\aBXsA\oBZo@P}@NcAZk@Jw@Jc@@w@@mBCs@FSDKHCF@\PnCCPYf@EZEl@AnBCXIXe@z@k@n@_@RoA\k@\g@b@_@l@Ud@a@bBWr@W^iAbAW^cDxJoAhEm@~Ag@bAg@t@mAfAYRqCxAuAz@{AjAcBxAc@h@_@~@GJi@d@[j@]dA_@hBWjBU`Cc@nCUz@{@nCO|@Cz@It@}@`FW|@U\OJELC~AIt@o@jCm@`Ba@n@GA_@_@OGQAQDMHONMRgB|D{@dBIZCZFrAGh@KXg@r@m@xBU^Qd@ORo@l@a@PS@i@@{@MQ?QDq@^y@N]JiAp@o@j@k@t@a@z@Ob@Mh@QzBMl@KZeAzBYbAIx@Gx@?tCAh@Kb@[dAe@pBa@~@s@fA_@|@Wx@q@vAe@bAsA~By@lCwAjCi@x@[\[T{DbCgAh@s@n@[NQBYAWI_@Y_@IWKe@Ki@@aCn@}Dl@qATmC~@}@f@YFCJJfAAHGH[PkAd@]Hi@ASBQDKLI^?zAMpAQx@_@pAEVKLQB[Ay@Bk@Ag@Kg@@q@Cc@HM?QYIGa@CYMWc@IGa@Kc@@i@MUAOBIFKTCP@ZJn@DL@?CWUaAe@yCI_@IQMKQC}AGUCWIMSMs@IQIEq@Oa@Qi@_@g@e@u@_AyAiCe@k@a@[y@e@}@[q@Qu@Mu@Cq@@q@HsAZaBj@eAb@c@Lo@Jw@?aAGw@Wm@]o@KoD_@{D[e@?iAF{@AkBWgB]GEAKDK`@e@JWF[l@}GAg@GWEGQKi@O}Co@{Aa@QAG?IDMNs@rBOTSP_@NcATiDf@GOEa@I}C?}FFgB@cAKaCAeCI{D?{CG{AYyA_@eA_@w@kBcD}@eBSe@r@RN@hCW|AU\CNFB@AD{@GuDVwQTaHRkB?oCDe@BqC\}BL}@HwARsAX_D`AK@UCQ@SFs@b@k@VmEzAuD|@oCz@gB`@a@Fa@@]KUYe@_AQU]WUKWGa@CqA?a@F_@Na@Re@d@q@bAqBnDwAzB_@j@[Zk@\uErBoBv@iGvBUX@PRjAbAlJjBbLdAjH`@vBPn@n@xA@VAJk@nBIn@C^C~@Bz@JhAX~A?f@Fz@?f@Ex@Kv@y@|CKj@Gh@Ez@?j@LlEHj@b@zBFv@^rCvAzGz@bFdBvKdAxF`@fCTb@JFD?`A[bAUdJcCP?FBFDJTz@bFjAvHRjB^bB~@zF~AlIf@vCZvA\fApAfDr@jBh@tB|AjJ~@dEv@jEf@rCf@bDhBpKj@pCDl@~BfMj@bCv@dCr@bBb@zAhCxN|@lF`ArETnAPr@h@vA`@v@fAtA^p@Rf@^nAAHGHEEQJ{K~GuF|DMNCJAl@BjICfH@dOErH@xJMpMCVEHMLUBcDAuBFw@JiAT}GrBsDlAaEpAaEtAqG`CeDbA{DpAaG~AsC|@iARc@Du@?cGUqXq@mG?s@DUHGHEJC^?l@FvIAtIL~KDt@Jb@PRnBlAt@n@t@d@
15976390586,gywbFbhmgVJC\y@DsBCcCK[OKWEc@@{AFaAJk@?kOGi@Cc@KMQGWI}AEcDLsNGkA?iA?sGDiDIuXB_H?uHImHWaEAcBDoDI[IO_@I_AH}A@oJIeB@cBFuALoA@iAAeCGiAKu@SUQM]MeAY{AIo@CcAC{H@uDC_DBoEB_AC{BEuIDqJGeJGaAQ_BQy@_@eAc@aAo@kAm@}@mBeC]{@gB}BuDmFuBkCeAyA{@}AgA{BgAcBaEuFi@i@u@k@w@aAiC_EuL}PsAwByAsBsBkDgAeBgB_D{GwKuAcC{FyIkBmDeAoAe@q@{A_C}@{A}BkDsA{By@oAqAaCq@gACMFU`AyAxAwAfBaC|AuAl@w@Tg@Pk@XiC^iBNk@Te@PSh@e@v@k@r@]lAg@|@i@n@s@`AsA\]j@[lBe@p@Wb@W`@Y^]d@k@r@gA^_@l@]n@SVCp@?`@BXDxDrA~@V\Nl@`@TB`@CVEr@i@XGb@Ez@[\Od@e@jB}AfA{AfA}@h@m@VQNEH?FIFS@UOeBCk@BSDKb@]h@YlA[RIVOn@k@^Q\Gz@k@n@{@d@{@b@_@PIRAv@Bb@Gp@[pAgA|@]l@]n@MdDmIf@c@h@m@xAuAd@a@LE?B_@x@]\uCjBK@GKP]j@w@l@c@NGHHj@tADVEHQJ_@DK?EEFIj@e@bAyAn@_B|@{D~A_CVQ?HSVMVER?Nn@zBNVD?DE`@HZAZIhAm@
15948599283,wkxbFfaigVo@O]Aw@@]FKTGv@CJGJWJw@HKJIh@An@Bj@k@NKHFtB@bCBlXH~JEnKJ~G@lDCrFEjD@xBC`CBbG@~AHfC@lDE`EIdABJPTJFJCFS@KAaCD{@FUr@Op@DjFEf@AtAKj@A|DPrC@VDPJJTBf@@fBChBCLEDg@J
15948599268,y{wbFjhmgV@@BC?OCsEB_BCUIG[CuBF}@CgD@yGD_ACWCUMEKG[CoF?qKByFGyHAkH@oEEyDByFE{G@yBE_HC{[?IFKv@B\EHEDSDu@NWZGdBBLE
15938909400,ciacFbbbgVr@vBb@`AT~@nGrPFTXMTSB@vA|D\jAZp@H\Rj@Lt@PJFF^jAZr@PJPBPG`Ag@d@a@dAi@pBqAbAe@~@Wv@c@l@i@nFsFnDcDfD}BhDkCdAi@dAWt@e@VSpAmAl@e@hCiBtCiBTUv@gAb@c@ZM\CZ@hAJ`@@VAhAYlCcAxCo@zAU`@Kb@Sn@X`A~At@z@`DnFdBlCbDvF|@fAbEzFpCtE|H|L~BdE|A~CpBlDfAvAh@fAbCbDz@~Az@nAdHbJ|@nA|B|Dh@h@jA|@b@b@jE`Gf@x@nBbEdHvJbC~CbChDbAzAhBlDt@rB\vAHx@FzAJnB?jCD~DA`JBdMCfK@nMBv@Db@^tBHrAN^NNHFZF^@bDAzBBrDG~E?bHBxDCT?PDJLBVEbGDdQCrB@tIEjDHdP@vGEjG@fGDvF@`GDt@LdAJtAJVHFZDhEEjH?rABlDItA?TBNNFHDZOjFCLIDc@@AC
15938908369,w{wbFvhmgVDE@YIuAC{EAOGIYGqABmAGo@@u@FaED_EAg@Ca@IOKISCm@@uBA}KEoBCi@Jw@@eAM_HAuD?u[@sGAsMCcFCy@MyAEo@AaCCMWs@WOMC}@C}FP_DVwBBoFGgCG}BC}@Gk@GYGQOK[i@iDCe@C{@DkVCgF@oREsF@oBCeDGkAOgAUeA]cAi@oA}@yA_CcDyFuHgGuI]k@aAwBg@_AmByCuAoBs@y@i@i@{@o@m@q@oBaDeGcJs@eAaAkA}BaD}A_Cy@_BkEyGsG_LwEoHqDoFaE{Gy@iA_O{Uo@gAGWBIz@sAp@w@DM?EIC_@Dk@JWJYNcA|@c@TiA`@y@f@c@R}Bj@{BhAi@LmADg@F[FgAb@_Al@m@|@YVkCzAiEtC_JtG}BnBcAn@_B`AgBbByDhDkCrBgBdAeGxDwAjAm@^QBE?OKUg@Uu@?i@CCMIMOOaA@EWOEIQy@Yw@kAcEm@u@]u@wA{D}@}B{BqGmAwBg@o@IGQCWHK@
15938908307,ssxbF|nlgVM@CB?FBBLFZ@nEG|GAt@BjIIpEAbA@RBFDJPFXHhDDxB@bDAfAE^KLGBaCEcB@_AB_@FKFCL?jBCBg@C
15938908327,giacFjabgVRp@Xx@Lh@l@|ATx@tAhDnDvJDLEJj@_@LQzAbEZbARb@Cl@Zx@Tx@JLRDBDHj@N^Zj@NNRDHARItBeBbFyCdC_B~CgCbHsGfDyBdCgBvDiCbD_CvA}@~AkAzBuARSn@}@b@]LGl@ItBR`@@b@EhA[xAo@n@UlAYpA]|AUj@Qf@UD?LJzChFf@fAxAdCvG|JhBdClC~DvBhDnGxJdFtItClFtAnBp@vA|AxBrBlCpAlBdB~BxBbDzB~C~AnCd@d@rAbAl@p@~DbGpAlC`AbB|C|DhEbGdArAfG`Jp@pARf@Jt@T|B\pFNvDF~HCdD?bIEl@DxHCtIBzIDl@b@jBFf@AFJNHh@HVTRXFv@@pBClBLlFK|CAnGDtGILB@^Cn@DdB@bLElKDzDB`OCnEDrC?`DAlG?vOFdC@fDNfCBrBBLBBHIFc@FmCBcFJm@NE
15910924456,mywbFvgmgVb@MFG@O@sGCOKE[Ee@?iDD}ACsJDeBAo@CSEOKGSAm@@aKIgFFsCCqAB{CCcD@eIAqE?_DEiI@yKEmLEmCSqC?aDAc@GYaA]cEBgBAuHF}AAsCF{EAs@CkAIUGOMGUe@yCIaAAo@CcE@aDCuD@iLI}DDeGCoFDqFAiDGoAWqB[cBc@uAc@gAaA{AyCeE_FmGcGqIg@}@cAwBqAaCkCeDo@_Aw@cAu@e@m@i@kFsI}H_LoFiIqAiBcCwDaAmB}@}AeQ_YiAoB}AmB_AuAcHiL_EsGQ[AOz@sAx@cAFMACAAy@Ho@NUNm@h@i@\oAd@}A|@WHwAVe@Na@Pw@d@_@Ny@P}@Bi@FwAf@WJ_At@g@t@YVqCdBoBvAcBfAeH|EaBpA{E`DmCfCyCnCaD`CaJvFs@p@kAv@G@OEMOm@iB@a@AEOGCEEk@EMMYIGQ[GWSa@WeAa@oAa@eAUO]m@{CeI_AuC{@cDKEy@iAq@eAQOOGQ@IH@P
15976392009,_wwbFbahgVCSWCcDDsAA{IB{DB}ADo@?a@JUTK`@Cf@BlFEbK@pDFpIJhFChBCHFX@l@@fIB`CAbGDlUC~DBjD?lWB~AAlAFpH@fFNbC@jCDh@DZH^PZJJjJpHzJfINNFN?^BNFJZP
15976391996,s{wbF|~lgVAm@IG[EiADaCBsH@iCBe@Ac@EIEGIG[GgI?eKBiAK}L?qLEeGBmF?aICmCEoSFsEG{BC{DBoH?mV@s@HWFE^GpDF~ACrJApACjABdC?j@Db@JFFHjA?NQj@GHKBg@@ODEDGXD\
15842560575,ciacFbbbgVnArDb@`BvCvH~@lCv@nBXK^WB@Jb@lA~CZ~@HNNNKN?DJ`@P\?VDRJLXPBd@FXd@jANPHDRBRGRMrB_Bx@a@bBkAv@c@fDwBjCuBvGgG`H_FxBwA`BqAzCuBbBgAvAcAtA}@b@_@f@u@^Wd@Sd@Gp@AdBH\Ev@U~As@d@OpBWpA[fAO`AW\UH@FDtBrDvDdGxHpLlA|AfCnDlC~EvAxBbDvElAjBpDjG~BbDR\HT?HGL?Df@z@h@^Pb@hAhBpHvKjFlHpAxBHHVPh@n@|@n@n@n@jEbGl@dAxA`Dh@~@rBvCjAlB|@nAvDpE~C~DLVAJBDhA~Ab@z@d@pAT`APfAH|@AhABtCCtFJzGDtICt[@|EDr@^`BTt@Hl@LZNLPFXBjIBrCG`ICdBBN@hBK~A?T?RDFDJNLx@T|DJpBD|A?pb@BxCAvBDzDArQAf@FlK@zD@t@NzB?nAAf@XVZDxFAjBEdA@pAG^BxFDj@DLJJ\H|BB`CCBWC?D
15834974345,oywbFjgmgVq@KIMEu@EoECSKMOC_@AoBBgC@aBCmDF_C?[CWGOMGWE}@@kGDcAEyAAaGDe@?o@CaFGaCAeDBiDAgBDm@CiAA_BBiCCaJ?oLIoMI_EAyBYm@GGc@Oi@CaDEkID}DJ{B@{BHoB@kAA}@G[KKIGKq@{EG}@BqBFuO?}VHaLA}HGmAIy@c@kBi@cBQ]i@y@oT_Zq@iAkAeCaA}AmAcBsBcCo@q@k@e@k@k@EMmHaLiCqDeCeDgA_BgAsAYq@qDiG_AqBm@kAgAkBwAqBqIaNaFiHw@yAsAiBwDkGsFmIyBwDEO?IFKdBeCDKCGKCY?k@JWFWNw@n@}@`@a@L{@h@e@Vm@TeARe@LiBdA{@XYBu@@i@Fg@Ne@T_ClBi@h@{BpAcBhAcAh@aEtCyAhAwE`D}DrC_GtF}@t@wAdAaC|A_@X}Ax@cAp@y@b@c@b@_BpAGBOEOOk@qAKa@Dg@ICGGA_@Kg@IMe@c@k@uBs@uBMYm@aAc@}@cDmJ}@qBc@qAAKFQWe@aAuA[YQGI?YFYAWJ{AtAg@^CAT\
15834974281,ovwbFpahgVDGFArADVBHDNVD\VpCZ~FHbCBtA?lBGjEMhFCj@IRUFqB?eBHeABy@DqBT{AJm@Ey@D_A?qDWsD@g@I]S[?IBCBDjBArBFzT?xWFpHAlACdSBd@D`KDxQCdAIh@?HXd@LBLI@KB]CiB@s@FYFGFEVAnB?`BCfH@x@CdFARBRFFDHR@JDbA@dDCR[?EBCB
15834974082,y{wbFlhmgV@{AAmBBcBCg@IKYEmRLaACWCUIGKE[IoEBmEEgGBiCEgIE}N@yA?yLCmF?iICwO@iDIuVDgS@m@HWPIJAfDAjAE`DCxD?lCAtFFNBZLBJ@^Hb@@PM\E^CFq@@MFCPD\
15823838041,uwxbFf~jgVI?MDSTo@FqA\[DcABwDCsDF[DKFCHGd@DfCEbFFhLCpCB`BCd@@BB?DEDSEuABy@H[JGFAdALjC@vKGb@DNHDHDTJbF@nDCvF@xAL`B@lBJRNFH@vDIpHGh@C\IJMDWEuA?wAJcCFUFKJKNI`BW~AOfI?f@BVFNRDJVdAB`@HxFEhCGr@ITOHW@cB@iCPUBSFUTCP@VIjBCbEKtAShE?d@ELIBQGSOIO?I@sCIy@?}BFgBCkAB]HOHCV?XB
15823838031,eywbF`hmgVCIGGo@GIKEeDBgBCUIMEC]CsADeIC}GDWAQYKiS@wLCwFCsBMcBCyAOYWQyBIWGOQE[B{B@YDUJOHEbAIFIDQFCH?
15823837693,istbFx_ogV[BGF?fAG`AGVWL_@QsEqCwBkAeDqAkCy@cAW}Ck@{Cc@aHm@_FQgIIyAIwAOuASiCg@cEaBa@YWIOIQOIUEC{BqAcF_EcIeGsAkAw@uASs@Kq@Gs@Co@BqHEaF@_@BKFGPI^AhBFnB@TBPNDJ@JA~B?`AChAEHUBID
15823838036,i`sbFbdqgVEPBFH@JQBw@L}@?OEc@EOQa@c@i@oFgGeByBoEeF_BqBiL_NqAyAsDqDqC_CiA_A}@m@[[EKC[HwA@aADWDEDAJBDHFXBDHB
15823838076,a|wbFvhmgVDYA_BBkFGIMC]Aw@D]J]PGFI`@IzD?jBG`EBjEKf@Jb@Vh@TV`EzCzKbJzAx@lBrA|At@~D~ApBj@vCd@rBR|AD~CKnCJpBLzGn@XDx@VbEn@vB`@fB`@hGrBhAX|At@zA|@xCnBn@j@dG|EhA~@nDrDdb@lg@HJBN?NGvAERE@GQ?U
15823837019,ykseF~|`jV\\RLTFP?^Qb@WJMHQXSj@k@|@gAp@_AnBiDdAmAxAyBl@i@p@eAr@oAV_@X_@pAmAlAuAdBcC`AiANUx@}@h@y@lAsBTWLINAPFb@`@zFlHbA|A|AbBpAzApBzCPr@HNFBXYNA
15789737511,ktneFdwcjVL@wBTQFGH@Rh@lBHdABvBAx@I\KLIBaKn@aEBgBJkHRw@AaCSgAUw@Yo@_@yBkBuB{BoBeC}KcOiCsDiHyJ}FyHc`@ii@mBgCuCkDaAsAiAeB{@aBMGe@TIHw@fBk@bAeBhCy@z@OJK?m@_@CE
15789737610,wppeFl{hjVFLROB[aAqMIgBDi@HMFCRGpAQRIJKBS?e@QiE@c@DQDENG^GrBOnBUj@MNMDO?_@MwCAcA?]FQHEXGhFm@NQH]Bg@KmI@g@HUNIn@EvJ_@hWiAn@GLEFG@K?_@UwHWsLCkCY_LWoHEaBF[S{HCkCYkIAmBMmEKuAa@eB?EFGp@C@A
15576600218,mudbFdkogVAH@BADKDc@DKNIhABDB~@APCDw@sAc@k@m@eAKc@QuAMWI?YXYz@i@rAEBMEIG}B}CK[Cq@IMaB}@QUe@Sq@Qs@]c@[oAeAc@[aBcAoAo@mA{@}A}@UY?SDMBC?X@@NYCd@c@zBe@xBm@rB_AdBKBm@GO@?FDDf@R
15576100161,mywbF`hmgVb@k@D{@DOHIXG`AIxBAbBI\GFEJQDc@MwDBmDCs@wA{BSMOOIWEi@?sFCc@EKGEXDV?x@ErAOPA~@FVIT?BCEqA?sBKiCIuDAkD@_CDkBKuN?iOG{C?qB@_F@y@Ja@DgCFs@F]NSVIX?jE@jFChAC|ADtHErBLfF@z@AfBMtBCnc@Gf@C\ElBDxD?bME~CEvFBtYStLA`FDnBOr@CLEh@CPODKF]@sGBgAHo@FWRe@z@iAZg@L_@F_@DuAC}G@oBDu@TmBDuACm@MYa@]}@k@w@y@GQEs@E{BAoB@oAJs@LOt@OzAKLGNO\BdAhA~@p@X^t@hAxAlA^^~BpD~@hBfEzFpA`Cx@lAtAvA^XzCrBvBhAjBv@~CjAvATpBd@xF~@~Bh@bALtA\pE`A^L`Ab@ZJl@Jr@VfAj@pAbAz@T`AJjFPPFVVPJh@NT@JAj@SJAn@Dv@GdDNjATnAHh@F^NlAh@nBr@|ErBrAp@NPn@~@l@jARn@b@jBn@|Ah@`CdArBrAfEbBrD`@fAr@vAtAhB\n@l@`Bx@rDhA|CJTh@n@d@r@h@`@`@b@b@\d@RfA^dAXh@JZDdCBrAAPBBDAPBDjA?XDb@LVLVNNVXz@x@`Av@b@PBdAH\L~AlAh@~@v@v@H@j@]RAJDb@b@ZTxAt@j@R~@Nl@BrGNpBGfCSlAEn@@~@HDANM|@oBLS`AmA`@On@m@JG~@A`@F`@LXRPZ`@pAh@bCRhBA~FBdAHx@RrAHVLRPJHBTBVAREd@U^I|AUt@GlA[P?rBt@NN\t@LNRJr@RbAf@p@b@RDt@IT@JBh@Tf@\|An@hAl@b@`@^b@JRBT?f@GrA[fAG^Ad@MfB?XDVTXt@b@V\jAxATNn@\LJXf@Pn@FH\FhADZAh@IzBy@j@M^Et@Dt@ErACL@l@Nb@NXFTJdAVT@b@?n@OVMROd@q@z@iBJMNINEP?bBd@~@b@fAbAZRRH^@XHpDdB|@j@LPJVlBxFRpAJnA@p@DRHP^Zx@b@rA~@pAn@~@r@pAp@bDvBl@Z\LXTlAr@j@^FRAd@DRp@bAt@~@p@`ABB?Rb@d@d@t@XhAT^RVD@HEZk@zAeDT{@JGj@EJC
15576099241,sstbF``ogVB?OEI?KHAN@fAAb@Gf@GHE?]OkBmAkBgAkB{@mEaBgCw@_B_@{Dq@qI{@aEOiEAuBCiCOoCY_AQ}Bo@u@]cEcB{A{@wB{A@?KMk@g@}CeCgA_AeBoAy@s@g@g@Mk@B[AaCAo@KaAGaD@{BDUFIDCL?d@H
15576099072,c|wbFnhmgVHmAFQIg@EgDEWMMUC}AEg@DMHIZBzECrBJbCBhAEhDHjALd@PRRPlBxAbAp@rC|B`DlCtBlBpDzBxBbAnC`AtCz@x@NfC\~AJjACfABzAAvCHlGf@zARr@FrEn@lB\vA\dBh@jC~@rAh@|DjBrD~BBILs@DqA@kB@SBEHCf@TJ@
15483065944,sstbFfaogV@MG_@M?EDCJBlAI|AU?_@QyCqBwCuAsDwAoBo@iBg@{A]gBYgCSyC]iFa@qBIyCEyC?}AIoAK}AWoBa@eDoAuBu@q@a@eBoAwCeCqOqLe@e@Ua@Ka@Gc@IiF?wKFw@JQRITAlE@TBFBHXEd@Af@BbBOxAc@V
15483065950,oywbFngmgVXGFGDMBQD_C?kACk@KWMG[CkFHW@EBGRC^@|N@nBAx@NlALb@NV\\|DxCz@r@h@j@pAbAzBlBbBrA`C`BfAl@`Bz@`E|AxA`@f@JvBXrCVpADvD@vCFnDR~Ef@THzC^zDr@jDdApBp@`Bp@xB`AfAl@pBnAX\nDfCtCxBxBnBvAvAbDrDbMfOhGjHrHfJVf@^f@`DtDlBfCtEjFlB~A|@~@b@j@VDTQT]Na@BOAOMUSKC@AD
15472779632,ibkbF|wigVSp@G@ABHIJEDEAIMMuBwAgCqB_Ao@KCM@MLIPmD~IUn@WfAIRSR[Li@Jc@Bm@?_@I_@MeBy@]GUFuAn@g@R_@DSEQKy@}@_CwBo@g@i@[GAE@IL@\Rj@n@nA@PENk@v@MLOF]DSFuAz@eAt@QCk@}A}@cD{@wBc@uAa@{@w@kAa@c@u@e@q@[iAa@oCoAuBu@wA_@g@IoAKs@MgDQ_ADy@@u@LW@k@O{@g@_@MmCIoBOk@Ie@QsA_AgBw@uA]gAm@wAk@i@O}AYsA[cB]mAMyDk@iAWgEw@{CeAoB{@uAs@w@m@kCgBgAaAmAyAiA_BiAsAgCiDgAuB{BcDcAcBWW_Aq@s@{@aA}Ae@m@OMYMc@CE@INIHo@NaAB{@FGDCHSXETCh@B|IIVg@x@aAnAUh@I\Cl@DpGCfBAjFExEFn@XjAjAlBLZF\FbAG|AETEHOHc@BuCBmR?aMJw@C}@MeBFwCBaBAuAF}CD{BCeAGu@AcD?gEHgDCgB?wFNkG?iBDkEA{CBs@D}BDkDAcGAkJGkG?YBu@C{BD}AAuBHyDES@EJEl@a@VGPEf@CjBIx@DdE?dCFfDJ`MCrDBbKInQDnHAn@C@AZDt@CLs@B}@A{BOU@CLH^BXDpFB\FLLHv@HPHLLDTVzG?tCG|ACTOJq@?oEH]@YFEFEJ@fAEVCDIBc@BCBAH
15472780459,q{wbF|~lgV?UDQDGTEx@C~BFfCEv@?l@GDCBSKkCEeFCWIQMI]EQGOOEICY?gBEmAEk@Kc@?IFINCdE@fBQBa@IiBAuBKgDMaKBiEBgJAqL@yBGoEBoLFmCFi@JSPIVCfA@~IEz@?j@DrB?bAChAGtBC`A@zALx@@zDKhAIjAEfDAlDBvA?pBI`FKrABrUDxAErEAlBC`CDzH?tAIbC@`CGH@\RzAOzDCtBKxCCvE@~DPlE?XEb@MXEzAEN?DBf@CNMDIFYBeA@gED_AH}@Jc@P_@v@eAb@u@L]Fa@Da@Bw@BuKDo@NgALUGgBGYEKaBqAe@Y_@gACc@CaAAwD@oAD_@DMJINC|BONE\UPC\BPJx@bAl@l@xArBfA`AVZZd@pBtDVh@b@r@h@r@pAvBrFnG|B|BnBlArA~@tCnApDpA~Cl@hCl@tBRlF`Av@P`BXfBf@fBh@VL@D`@Fh@Vp@F^J^Vt@x@TNXJrANvER\Jx@h@RFTB`@Ct@Qt@?v@G|AH`AJx@LzAN^FlDlAxGxCx@h@^^hA`B\l@h@jBp@dBZ~AZfA\t@PNLFNEhCcBPEn@KNMDGf@gADQ?IGQg@i@Qa@AYDGJCJ?LBl@\~DpDLFNDRBRCdCgA`@ARH~Ax@p@R\Bv@Al@Ed@MRMNUd@sArB}EnAgDP]NOFBZVXNtFdE
15319324264,aegcFbi~fVBFHB^?b@ELGFQBe@EoBGiEBo@BYBINQRGTAhB?~HSnESt@It@MjA_@^SzB}A`ByAnCwBnBuA`EiDjFaElAeAZ[jH_GrD}CpDyDxAgBjBqBf@o@jCwCtLoMfBcB`HaGnAkAzE_EdHiGrD}CHGTGJ?VHTPZd@jDxF|A|B~@jAb@p@rCbFfD~GfBnCv@x@`E`DzCfC`@b@bCvDrAdBDNd@l@hBzBnBbD|ArB~@x@n@^d@P|@NpCTdD\XHJF^b@nGhPfChHRv@lHfSzBlF`BfEp@lBF\|ArEdEhKx@|BbCbGv@`Cn@`Bd@hBfBlFZr@z@xADZ^x@fFtMt@|AjBhDjC~DbBtChA~AtAxBzDnGnC|EfGhI~DnGhB`DdEpGn@rA`AzAdAjBlA`ClCrEdDfEtBxCpBlCxCdEhDrFf@j@jAdAdAlAxC`EnAnB|A|C~A`CdAfBdIlKP\xCdEpAxBj@|A`@jBFz@Bz@HnBLdV?|GCb@@`ECfN@|GDnAF\d@bBVhBJVHHJDVDjDGrDBxCCf@@hFEzBDjHCT@JD@`@E`CFzFAnUBdJD~ECvIBtRCx@JbJA`C@jBLfFDLPPNFP@fD?lDBzGIvC@x@AZ@PLFX?fBEvABj@?DGH_@NAB
15312455601,sfdcFh{~fV?WCGEAWCGWCgBBwBC}AQmB]iBa@qAUm@sDaHqB_EYw@m@d@q@p@iBxA_GxF_HbHi@f@}@r@uExEmEfEsDfD_@\WLmA^i@F_I`@kJVo@AQGMSG]QuLM_EMkBMc@KMOCe@BOEKI
15312455654,{{wbFvhmgVACD_@CuA?aCEyACOKKYC}AB}AC{ADaCN}BB{BIe@GUGIGIUA[?{FEuC@wDAiCA[BoGEsJ@uGEwFE_g@?m@QwD?kA@A@@@KE[IYSUKEYEeEHgA?{DFiDAmEHwHIsAQQMKWGcAWuAKmAA_PCaEAcEBmACoG?qUAcDO{BWuAMg@u@eBg@y@sD}E]k@sNgSWe@{AaDm@cAmEcGg@e@w@k@oAwAwF{Is@aAcAkAaBcCeEwGa@s@}A}BkGiKiAqBqFsIwGoKaBqC[o@}@oAmDsFsIqM{@aBFMvAcBJU?QGCe@B_@FUFULgA|@_@PcA^kAn@a@NiBd@}B`Am@LeALkAPeBf@kAd@kEvCeErDaFpDqKlH]X_AbAoDbD_EvCiDvBaAx@}@n@qAv@wCzAg@\uCtCcC~CQV{@pBWx@u@xCkA|DO^QVm@r@E?oAwAk@u@i@w@o@kA{@_Ai@u@{CmDeAcBi@i@QIC@w@y@iBeCyAcBQ[_@}@]eAMWa@a@cB{@c@[i@e@cAwAaAwBs@cAw@{@}DyDGGYEM]sD}EqDiFeAgBgA_BoF}JuBsDUm@iA_CeEiHsCmEYi@Qi@Io@IgA@y@NcAbAuENcBBcAEcASiB]sAkAiCQe@g@oBScBOaCF}@LaDJmFB[FE
15274673321,as~bFj|fgVZpA^d@RZBPAZJf@z@~BvBjJpDtMb@tBfG`Vb@zAh@lAPFRC`DoAbCmA~@a@dAk@lHeDfCgAREPBJXVtAzDlO~CrMt@~BvBdIRj@Zd@pElDhD|CbDhCn@l@fBpAtB`BrGpFdF|DdEjD|EtD`DnCxGbF|ApAr@f@ZZtDpChC|BbAv@lHjFlAjAt@f@vCbCJJJTZ\~CjBnBnAFDXCNKLUDq@@wBB]FUDIRGTAl@B`D@vACtCAbCC~E?T@PJHT@VClCG~AEL[AGB
15269290077,oywbFxgmgVDE\GFKBQDyDAu@E_@a@YuE@k@DYHKNCJCX@pDAtFGzDEXGFGDU?UKgEcDuCaCcCkBs@s@cFcEkE_DiFmEoA{@i@c@e@e@_NaKg@e@wB_BwU}QyB_Bg@i@aNoKkCwBcAs@s@a@oEuDa@c@]g@[k@Uo@eDwMsAaF}FgUaBgGwAaEMYIIICU@sAx@sCrAaH|CkCnAy@XkB~@qB|@sAp@i@REIMw@Mi@}EsRgAaEs@_C}@{Dw@uCc@mB]iAwBqIa@kBYo@cAkAW]ESFU
15263047366,s~qbFxmqgVWBWES?uBHOBGBKPAX@bDC`@IRy@dAMFQCi@s@}@oAsAuAuEoGqFuGy@gAoB_C_EoEkB}BuC{CmBwBgDeEiJyKsCsCkEcEsBsAeCyA}B}AyAw@gBy@_Bk@uFgBwCq@}Be@aBQsIk@cHG_C?i@CuAMsBYkC{@yBg@iC_A}@Wg@YgCgB}AuA}HaGaGaF_@c@O[Ka@Au@?}EC_K@_@DKNGNA`FAT@RHLRBZKnFAFGDa@C
15263047391,istbFr`ogV@QAMi@s@G[DkALcAXcAL]PWTWb@[r@WXEb@CfBLpCQhFKdHDxCCjCIbAGv@AvB@jBDh@DVHHFHXBp@?xDBtJF|FTxERzAVxARp@^z@j@~@~@hAlAdBlA~AfDpD`@l@jA`B`@v@Rn@Pn@L`ADr@@dAEv@MnA[|AQlAQj@Db@JXxA~BNJZDdACh@ER@VKB?
15263047338,e|wbFlhmgVFQ@s@@_DEsBMG_@CsBFWDONCTAX@hFC`KDdAPfAJXPVRRhDhCpIfHtB`BnDvBtCrAlBr@pA`@tBd@pBVj@FpCNvHFpBJjE\|G|@dAP`Cf@dAX~DrAhBr@fBx@~BnA|@j@bAt@Lm@Dg@N{DFKHAl@^
15248534643,qedcFh_ngVCa@@aAKeC?w@XcJJeCFq@CwBBODIHAh@Ad@G|@?`EFnA?fCWt@GtCT|AFpDA`I@p@At@KrCC|CHbBCpE?XAjCWP@NRH@bAGjAAb@Ex@AnC^R@t@Ib@Ap@MlCC^@\BlB@p@Hh@BpG@ZATCd@o@NI|A@dBMhABjBCbAD^FrAb@z@NhBPvDRpCM`E?pJMpG@`DCjDFb@DdAE`AAdAEpI?rFIjDDpEAj@Fj@A^@^Cn@F`@JpAf@xBpAhCjBrAl@~@TjARzAD`@ATC`@KjAc@lCm@FE@GE_@_@yAEo@Mw@kA_GAUDm@Ec@kA_FuAeHCa@DQbCmAxB_ApKgEzDwA|@UjBSvAU~@Ub@OTM^]zCaEPOHAH?PH`B~A`GvEfBzAz@x@lD`CxB~Ar@l@r@r@|@l@fG~EbAdAj@d@`FhD|EtDpC~B`@h@b@d@f@ZdBz@lBvA^BRWDg@DyDBMFGHGb@CfHF|DGp@DlGIH@RVBxEAdAE@YECB
15248534798,gywbFjhmgVN[D]BmAFeAFiBA[EMKGQCmABy@?o@DcAB[FKJCJCZ@bHCvFAbAGb@IJGBIASIgAw@sEaDgBsAuBmBQ_@IIaCeBuDyCsCsBeNyKqIkGwAoAgMaKmBuAqDsCi@_@_B}@gA}@iAt@wCxDUTYN}Af@yAPuBLmAVaAXqHtCoA\uBx@}BfAcC~AOVEPDf@ThAxAzFfB|I`@fCl@xCC\RpACJKD{B`@gBb@{@H}@?w@Gu@Ki@Qy@]oGwDmAi@aAWk@IY?SF[Gi@?k@GgDDyM@{FCiGPyBIaGCsB@sBCcGDwAAmGJe@DMFCB}ACiF]gBWcBe@UE_@EwACk@BsA?eADgBAQFIHYb@OHuCHqE?oAIuA@cAKkAAgAD{BZS@eBKm@Ko@Bk@FcB@m@EcBCoEAiE@oAGkA?uAGqA@aAFmCHoCC_HBaACcES]@cDXeEEkA@M@SHo@JKFENM`D?JH^?VKjA@|BU~Ai@~BKp@Ev@@XFZ
15106654952,wrtbFv`ogVEQIIMEIBCF?rAMtAE@c@?_DiByBgAaCeAsEcByCw@}Bc@iDe@yEc@i@CgA@eGM_CAoAG{C[wB[iBe@s@Yk@Oy@]cC_As@_@}AcAo@g@Ya@YWiFcEsA}@s@k@iEqDa@c@S[M_@Kw@IsE?yDA{EB[LSJE\GbDW^@HFFJDRV~FADGFYFC@?@
15106654764,qywbFrgmgVJETGHGBQJkC?y@A}@IWOISCqCFgBHODOHUvA?b@@fALfCAhMJd@PVt@p@xBbBzCfCxAhAf@f@lEjDxClBnCpApDnAdAZh@JlBVtANvCRjJPfGb@hEf@|GlAfD~@vEdBfDdBdBfAn@d@NFVg@LsAFkCBUBEL@JHZ`@
15095845110,gkxbFjaigVaBMe@BSFIDGP_@xDM|@IFMDW@]Ew@FCFGt@FhJ?pm@DrC?lQ@dFChAHpKZfEDxBBHDDD@bGEhE@fBGn@D~BE^@FBLLD^AbBGhAAhAFLf@D
15095844586,iywbFzgmgVXIDG@KAcALyBBeAE[IOICUCiEJiBCyDBqH?[A]g@IcBAeBEoCAuSD_AE{BAaE?uIC{C@_DGsI@wCBUIaACcHB}HAgAFaDCeBBQIuA?m@Bm@DG\Ot@@FC@iA@SFKx@IfBB
15036392698,k}qbFjffgVQd@?XEp@?RDPFJ\Nz@Jr@DdA?H@Tp@LN\XDHFh@D|EDfA@xB@xBGlD?|IBfCCRKT}ArBOZI^G`@CjCDxECxBBbFApDFp@J^Vh@`AvARx@Dn@A`BCf@ITGFUJ_@BcDMsDEsQ?cKFy@C_F?kME{DCuGBaEAs@B}CBaEL_KHiD?mDCuJ@yAGgLN_K@oBFoBKsA?g@BgAP}ADIBa@XMTCLKbBG`EBpD?`RDrC?nR@jCCxHBjHNvCAJGFQCq@Ji@DwCKI@CFDTFrA?|CDz@NNt@@TDHFLTFZZfGA`DElBI\MJI@iACuCC}@@UDGREdAGTMH[BGF
15976394283,mywbFlgmgVLORKFMPiFB]DMLGNAbA@pBChB?NCFEDEDS?g@OuBc@{EIUGGSK]IMIIQCKA]?_FC_@MQXA|ADdCCRBXGXC@G?g@IoBWcQ@oJEwJA_WDgHF}CFo@LUHGJEXCvDBtG?fF@dGGvDFrECtMObH?nDExH@~AAxAI|BDzDKfCBdNCvA@bIMhC@tFGhA@~BInHFrDAdGD`EY\CNIJU@[EyC@cCD{AJa@L_@~AcCJ_@Fc@FkBDgKDk@RoA@y@F{@IYOWuAgAMQc@g@KWSs@Cc@A}FIsE@cRIgAMWIEWCIIEKScAKMWGq@CQEKKKYOMOCyACCC
15030696080,ortbFb`ogVB?_@EKDGJUdDWG{@a@gDqBkB}@_Bm@uAi@qBo@_Be@{Bi@aAO{@Gq@OuBUwBOk@CsLOwDMoAMyB]cCo@iHwCwBsAeC{BiF}DqBwA{AuACG@QNSF?`@LJABENwA@}BJk@@Y@gAAeBIaCEGICUF
15030696139,mywbFbhmgVb@a@FMBOH{DC}@GYMIQCUAoEHYFMLCHId@AtCKzDA|HH|AJd@Xd@j@h@VRjAr@f@^zFdFrHvF|@j@`C`AdAVnEvAlAVz@JfEThJR~BNbHv@^JzC`@lDp@nBj@xGzBxAj@jB`AfAr@^Xb@`@DCPo@H}ADkBBSHGH?VRLR
15030695706,iqfcF~|ahVR`@\VL?PKTc@x@aC`@y@t@wCnDiL`AqDv@mC\}AXoBDIDC\@\C~BEp@G|@@pACbAGv@AzCSz@Ir@Kn@G~A?bDB~Ba@R?x@Hl@CPEBE_@CCA@AjDWbAMlBIbBAb@@v@Hv@DhC^|@Zv@d@n@Xr@P\Lj@LZD|@@nAa@zASj@?`DDbCO^E^OdAu@^Qb@Cv@LV@`CUbAC`@IvC_Ar@]~@{@\UdBm@hEyB`Aw@zC{BHO?QSy@IQIKGCOBg@Zi@RDBFAl@WRMFKFST_@jBuGdA}C`A_C^_B?QCIMQSMiDaB}DyBk@c@}@}@c@YyAy@{BcAgE}BwD_CIK?S|@eDRq@NMR?lAT~EnAdCd@bC^X@f@AxA]XEf@Ah@FtJzB|EjAnBh@~KfCrNjDbAPZ@\Al@Kb@MrAi@^ILAR@~AIlHBhLEfGDfDApACZEHEp@s@JEVGLGT]Jm@@eAK_QBoGCyFBsJDcAFSPMVE~DFlG?|AEf@Gf@MfC_AXG|@GhP@tOCbJBzME`@@\J`@Nt@f@f@TfBb@h@Bv@?jAS^@x@HpAMV@p@Nf@?`GE`BO~@F~@CdAHdEChLBxBCbAG`ASdJmCd@QVO`@]\c@Xi@Tk@No@Fa@DeA@kEBa@No@N[RWTQVOv@Ub@C\@NELSDMDq@@sHE}V?iOAoMBaBBkIA{AA[By@C{A@oCCqE@mKCqJ?iKCiD?eKCwDDmVCiD@kEE}GBoNGaH?qCGyDCwQH{HAcICgB@sEEwDDmC@cJCmHGeE?sLGuNAkKCuEAgFB}HCmECwl@CqCGaX@eFCsCDs@HOHERCjDJxMGxCCh@BLFDFFZIvFCFi@DCH
15030696088,q{wbF|bmgVC}ABw@COEKMGQAeBDi@FGBOLIVAZA~QEXONIBSAUMmEwDiCuB{C_Cg@e@gDqC_NsK{B{As@q@yC{BuFqE}LmJuQuNgAcAiPaM{AoAy@k@q@q@_Aq@wCcCa@c@[i@Uk@[}@gJu^kFsRk@{Ag@oBWII?UDoNtGoB`AkBp@uGdDo@RSAIEGIKc@a@qBo@oC_DmLi@}BKq@Sm@iAqEkAiEi@iCgCaJ[sAEe@Ia@Si@[g@q@m@KOE[Ho@Re@Xc@H_@?CG?K`@a@f@FIL]?OEEKAGB]`@@Y\kA
14993955842,gjacFvabgV`@t@h@rAp@bA`@rAnAzCp@pBdCvG@DCFn@k@Xb@rAzCZfAJPPRILDNXl@Vx@RZHn@Pr@PVJFL?zAy@n@a@`Bu@nC{AbC_BpCwBnEeEtAiAxLiIdD_C|AmAvE}C|@i@ROl@y@p@k@ZMn@A|BNl@Cf@KbCw@hASrA_@~@OhAo@z@_@\Xj@`A~BtDnBbDxBhDlCpEhAzAlArBjBhCjBxCx@xAfGfJ`C~DdEpGTb@BTdBdCL`@Vd@hDvEvCpEdHtJ~AbC`D|C|ArBrCnE~AjD\l@jKnNv@nAhFlHpAbCRl@P|@VnCPbC?vICtD@vWElGBrLDrAn@pCFd@?d@DTLRHFJBXBlEEpE?vDKbF@pBBbDA|AFNDFFDTAtAFlEDzHBbVDpE?bGA`ABhICrH@tIDbF?`C@~@JlAHzBDd@HRJL^DzAExBHdFBjBF`EEhA@`@BLLBFDXBnFEJc@FOJ
14985032363,g|wbF`imgVLQ@g@EwGAOGIg@EwBEa@I{@HaF@gCHo@?g@G[Ig@cA@aPGyDHi@MwI?wHDiB?cAMyT?oCEqK?qLCk@Iy@Eo@?gA@QDIIg@QUw@IyLZqF?wCDeCAkCBg@Ew@MWMGKK]g@yCGq@Cu@AmEBsBB_OE_E?gDAo@MwAAk@@oBH_D@iICkDEu@OcA_@}Ae@{AYk@e@u@wC{DAWMSyD_GeGmIgAgBgAsB{@uAoD{EiAuAa@a@iAaAi@m@gBoCiBiC_E_GiFgImC}DcBwCeEsGcAeBkBwCk@cAa@{@iAkBgHqKcBsC{@iAwAsBsDgGiAsBcDcFaAsAKGK?q@b@aBXcBf@cB^kBl@}A`@g@BwBK[DIDcAr@_Ax@iAh@sBlAkGfEuCvBcBfAoA~@oAr@mChBsBvBuDhDuAhAiEtC}Ax@_CzAcA~@aAl@MDOCQWe@uAE]@SQKEGO}@WQGIY}@[wAi@kA_@mAmAcC{CgImB{EeAkBe@cAQSIA[HuDhCG@EAKc@
14958334521,astbFv_ogVEB]HMPCTEpB@Re@K_@QgBsAcAo@iEcBsAe@qF{A_Ci@kDm@}Dc@{@GwBMgCKqIKiAIuAOsAQcB]u@U{FqBqBkA}AiAa@a@}D{CaBwAsI}G_@c@GOGa@GqF?eMD[FGJCb@ChC?dACZBHFFJBL?|ADvBAl@CNEHo@J
14957454682,kywbFtgmgVb@MHU?q@DkAAsBCa@IQGEWGaB@}CHQBMFIPAh@BbBHtABdA?dCGvE?fCLf@LV^f@XXz@p@~B`BfA~@xAfAr@p@rBxAbBpApCfBd@V`DvAlBr@hB`@zAVpE^fCHtCD`DJpCPzEh@h@LpC\vDn@hBd@|CfAbBn@vBdAfB`AlCfBR_AD[FsA@{ADSDCJBf@b@A?
14957454677,gzkbFdvygVADsC{CgBsAkAiAUaAUuAa@sEMgAYwAUm@iAsBkEoG}D}GwBaEaCgEiBuCg@s@UWyJyJ_JkHqAkAk@s@o@gAoAaCqA{Bu@sAeAiCqC{Fk@uAcCmEeA}AaCkCuDmFgB{B}@_AwDeDy@aA{@yAgAcCqAeC[e@sEkEgJuJaH_HqAmAiBoBaA_AwAaBiCmCgDgDmBeB_E{DiAqAqDmDmAqAaAiAcBeBoAuAcAsAkD_EqAqAyDgEcByBo@aAsA{AsBgCyBgCk@y@yCgDsEwFwA_BaD_DgCuC}EeGoE{FmAoAmDgDoBaBgD}B_@e@{CeBsEwBqAg@_FyAyCq@{FcAwCYwEUgCIeIGeAEuAOs@OeD{@m@We@MsBy@k@Om@[eDaCqAkAiBuAq@y@[e@w@w@sE_D_DkB_E}CqBoAeCkBgC{Ba@_@O[EOGs@DyMAsF@SHMF@?JGJANCH?HBDH@FE
14957454622,}{wbFjhmgVFK@[GsD?eBCYKI[CoAD_ALONCHEl@HvSBv@Ln@LVd@d@~C~BjCzB|GnFjEzCbDzAdC|@`B`@`B\dALfDPfJLdG^dAJnFv@vEx@hAXfDfAhCbAxBdAzAx@|BzAvDpC|C`CvBjBdAbA~CrDpJlLvLpNtF~Gp@~@fCzCnJjLvCfDxDdEh@p@rKxK`DzCnExEvCxCtKnKvJlKtK|KtCjCpClC^h@L`@^j@z@~AdEjGdAlAfCxBnAlAfK~MxCvEr@zA`DtFzCdGdDtFbAlBZ`@rBnBlB`B~D`Dl@h@fJlJ|@hA\h@jA~BvBxDbC`EvAvBpAxBrElHpA|BZ|@T|@j@hILh@Zr@PTZZfCdB~AxANFXFDD
14855212927,mywbFhgmgVJGd@BBG?c@Ei@HaAAwABw@COGGa@Eu@BiAAmBFw@AEFEZDh@?`AAb@BfBEzAApCFfBCv@C`@KJKD[CUSUWkBuAoAeAKKKEiByAq@c@uAkA_@e@kA{@OCgAcAsCyBc@e@kAu@sAgASSYSWYc@WoAiAg@W{@u@MIC?S]YSYIeAy@s@a@a@a@wBeBm@i@{BaBAC?C?@_@a@}@o@WOgA{@WOq@m@e@YuAiAq@c@WYkA{@UUq@c@cCwB}@q@c@YoAkAiAw@SUWW_@Sm@g@YQuCcC{@k@wBcB{@m@e@WSU{@u@_BkAKIDGM[gAm@USMCgCiBUUo@cA]{@Qo@Mu@Sm@i@cC[}@aAeE{@{CEI?Y]}@e@mBe@aBeBgHcBeGs@uCO_@Yk@Mq@Qk@CYEGMCWHUN_Ad@kBv@_ClAOBwB~@o@^}At@{@V_A^iHrDc@RWCGGCMEa@Sk@Ec@Oq@{AqF]eByA{Fa@sAOy@Ym@K]w@eDq@_CUcAGOS}@Ea@CCCQUm@K_@s@{C_@qAIc@Yq@Ma@[gBa@{@m@m@c@g@?UVeANSTSFGD[@GGECFA\GJYTCJTk@@KH@HOWRSZODY?@CBADEDa@R_ADACA
14855076211,qexbFjikgVHI`@IFKAIQKUAcBBgECqDFQFUNMTCLCl@HtB@bCObMG`A@lBLbMVrFZ\nCLj@Ix@AbDFpCCNDRJ`AEzC@r@ATBPJFTCnCIf@CfAIPSR
14855076149,kywbFlgmgVT@FADGBO@i@DsABqBEa@GMGC]EwF?c@Gi@@gHDqABgAAa@A_@KMQEWG_E@uFEqF@yCGaS@yCBKFGHA^@`CCxEHNDBDLf@HJDD`@B
14855076152,ustbF~_ogVPCEAI?KHE~AOnAA@Q?[MkBmA{A{@gCmAgC_AmDgAmA[{HoAmBUsCWuEUgEIwAAwAEgAK{Cc@qAWeAYmCaA}@_@w@WaB}@sByAy@w@sDuCeB}AkA{@uFsESUGOEOEc@AaCFaGAcHD[DGPExCFzAATBHFFTAdEB`ACNEBS?EB
14855076153,}{wbFjhmgVFI@MCi@Bq@AeAM{CAKUEcC@OBOLEHEZAtF@tLJhAJ`@b@j@x@x@rFpE`BlAl@j@dEjD~DhCzAt@jBr@`Bf@`Cf@~C`@fAJh@BtF@jHHbG|@fBLnEx@`EfAdAZjBr@hFhC`B`A|@p@BE?q@N_BHuBBEJ@ZJXP
14600772830,yj~bFhllgVBK?eABWHSPGfEBxVEdC?hAB`ACxB@pECrAGj@GfBg@hBu@dA_@z@a@vA{@d@U|SgIv@U`Ek@|A]XKVO^_@|@eA~AyBHEHCRDRN`CpB~LzJfBrA~CfC`@Vl@d@v@r@nFhEpC~Bl@`@lB~An@^bAv@xAnAtEnDd@d@rA~@|BjA|@r@XZ@KCHXCFCLOBIDm@CiCFYNKx@ElLCrIIV@RHFFDT@XC|AGjBGL_@REL
14599758861,{{wbFrhmgVlA[?CXMDIBUBsAFsA@eAE]IM]EoGDKHELEj@DpKApCAj@E\MVKDI?WI{EwDaEyCgA{@cA_AeDaCqAkAgDkCqCeCiDkC{DuCsA{@}@q@kFgEeGcFsAeAqF}D}DcDuB_Bu@q@a@WWII@KFyDbFc@^YNYJo@NkBRyBb@eAXwEhBwDrAyF~BaAb@eBhAQr@Fn@f@hCz@vD`@dCrAxGbAhEDt@PbACLIDi@H{@PqCz@_@Da@Cy@Q}AYcBe@aAg@aDwBaAi@c@Qo@Si@Kc@EW?YDqCS_GBoAGa@AsDFsI@}@BkAHY?ECEi@Cs@Ba@IoA@sCD_AAk@@[BED?RHTAFBBJ
14600772902,_f{bFpk~fVe@d@o@t@a@LUBEBCHFb@n@xBdA~BPn@z@xBRVN@^IF@LJDPB`@HlCLj@v@|BvBvFh@lARRNFb@DbBEx@BbCCP@LHDHLp@Fp@HRDFNJn@Dt@?tCK~@I|EYtA?jJ[r@@RFFFFVDt@PpEJnKFlBEhFHvCJzGFbB?`BPpEFnEJlE@`HEn@If@O`@Yd@wBfCwBrCaAvAsAzAgFzGcAvAgAnAwD~E}DpFwClD{@jA_CnCi@v@c@\cA~AoAdBaBnBqFhH{@tAq@~@G\?HFPPX~AlAVV~DrFr@lAlAnC`@r@tC~DjDvEpCbErDbFh@x@`@p@\t@n@nBRpARlEL`JApAMdBC~@@j@JlDFdEGb_@Bp@Ff@l@zBHt@@h@BFLPPL^FlCChJA~@ExA@nDC~@BdACpADxCCTFFLB`@BvFCvAC~HFrE?xPBfEAdDEd@DjABpICrFLdRAzCR`D@dC?@RB|E?zGEt@@d@B~@EdDAb@@TBPHDHF`@@nBCtBEP_@NKA
14583024650,w{wbF`hmgVDoGCw@MKWCkBJc@AMFEDERCb@?vKG|DIVGFQFSE_BiAsF_EaDmCQU[WyRwOiKeI_CkBoL_JmFiE_GuEmA}@i@Ue@YaAs@CCI?_@H[TsCvD[Z_@Vy@RiBX}@JqB\qHtCyBv@u@^wDxAkAj@cBbAOFQ@QP?RBT|@zDtDdR|@zDXrBALIFu@Du@LcCv@WDo@BuAEeAS}@YqAo@iCeByA}@w@_@eA]_AOY?UBk@?uAKqZD_B@}AFeA?e@CgDGkHFwQFuA?cA@a@FQCi@JwF]_B[cCo@WCcACgBFeFBm@RW^MFa@DcHAsAIqB@q@G]A}BDs@Lm@@e@H_AIoCMgAH_A?y@F}GCqF@aAE{@?e@E{DLu@As@Fk@?kDEoH?iBGyAKg@?cETgEE}DDgCM_BSYAc@@s@Ps@@iALc@Cq@@_CPaCV_DE{@E_EWoAQaBMaCFsA?QBUNSBUKSSk@MgCYyMgBgAG{@By@LwBj@mG~B}Bp@}ElBqBz@oAd@{Bj@yARm@b@q@^a@Ne@DUHaExCg@Zw@^{@l@}BvAaCvByAfAo@j@gAt@mAbAaAbAg@|@iCvGoB`EqA`Dm@v@WT]T_A^y@LcAJoA?u@Fg@Pg@\QHiFbAyDf@cAJ{ATu@@YB}AXiBTc@NAB@FJ@ZCX@BCAGeF{NIWCW@?G]K[IQKMECUAMCOUOq@[_CUcA_AmCg@sAWe@Ms@{@{C?GFK|BoAZWTW@G@OYkA[}@mAoC]_A]oAYqA_@sC[aDIkCAiBDG^AVEl@Uh@WvAcA`EkDz@{@dFiE~IiHbCuB~CwCj@g@x@o@|@k@|@o@bBeBXa@Vs@v@kELoA\uAv@qDh@uBbAcD^aA`A{BdAqBf@w@n@}@tAcB|@_A`DeC`B_Ap@e@v@o@r@w@dA}ArAwChAmBh@w@xAkBrBqC^k@Ra@^iA^yAj@sDPoBBiA?eBMkDAk@Bk@Hu@RaA\{@r@eAVYz@i@\Qj@Ov@K`@?`@B|Cd@v@DdBEzBYv@GVE|Ae@tB_AlEkD`@m@RS`@Y|@a@v@Qn@IbLk@lAQtA_@r@[fAo@lAaAr@y@v@eAvAcC^g@`@e@~@y@bAq@|@_@hA]hASdE]~@Gj@?h@Dt@Jr@Rt@Vh@Vl@h@pBvB~ApBbB`Bx@bA^Xb@Pr@FVAVEbCq@~Aw@lBaBnAcBdAoBh@cBhEuJn@mAh@m@\QlAWp@Ef@?r@HxBr@v@Jn@@j@Gd@QZQ`@]\e@Re@Le@XgBh@_B|@wBrBmFz@cBh@}@hAuA`@a@fB{AvAsAtBaBj@i@d@q@vD}FNQNBn@d@pAzA@JEPs@hAGB?A@Ip@uBZg@x@s@T]x@sBl@kBd@oAh@qAt@uAd@m@f@g@|BwAZWV[jAiBn@{@t@{@~@y@j@a@t@c@zAcA~DeCfCoB`EoDfBeBfA}@lDaChA{@lBoAzB_B`EmCxB}AzBuANOr@gA`@]j@WbBk@f@GjAAf@Mj@WpAw@^M`AQh@O\QbAo@|Ag@ZQVUlAoBX[XWz@_@zA_@~B{ANOT]Zy@Ls@VuBVkBPq@Zg@XWxCoBf@Wx@[XOj@i@dA}Aj@g@f@UpA[f@Od@Ud@Yb@_@^c@dAgBVYZSZOf@Of@Cd@@bCn@hDdAz@Nf@ZXDd@Ir@_@l@@PC~Au@t@u@|@q@XWx@mAnAiAv@iAPMJEN?FGHW?SS{C@MFKzAkAZQn@C\IPGZ]n@Sx@Ch@Mn@c@NUNUZaANULMVEx@@\Kx@g@Za@b@_@pB}@XSt@q@d@o@nAoEN[V_@^y@m@Z]V]f@q@p@IR?JC@w@iB_@}AWu@MU]]i@cBYIoBhA_C|AWNYHM@_AMe@P_CjBe@XQ@GEIKg@y@OMOAO@QHuA~@UFKIKQs@gBI]BSJQdA}@zA}@XI
14581001528,ms~bFp{fgVBd@FZN\j@x@LXT~@`BzFrAbGbCtIlAjFhBzGvA`GpAbFPf@v@`BHBNAv@Sd@OlB{@zA}@xAu@jGqCz@c@lBo@NCNFb@l@d@|@bBxE|AfGz@xDX~@h@|Ad@pBP\BR|@rDdBzGPXRT|AtAlDrCvBnBxQjNbEjDhCbCfAt@bGpEdF|DjAt@xMzK~D|CnFjElK`IxBfBvDfC|AlATGBCN_@Do@?uADo@FWFIPIVAnA@|AArCI~GF|@DPFFFLf@Hj@HdDDJFFf@RHF
14581001264,wywbFngmgVS?OGGKEWGy@?yACaAAQCMQGUCeCIO@IREd@@tHL`DClBE^MTQFI?SIoD_CmAy@_NqK{AuAaBiA{D{CiDqCy@m@a@c@_@[{EmDaGyEoCuBsEsD}FoEmC}BaGwEaD_CcHwFkDkC}@u@_@c@oBuAsC}B_@c@]k@Yo@[cAaBaGyBwIYsAg@_BgC_KmBeHm@cCw@{Be@iBIOWIQ@UHaBz@oDxAuG|CyAn@wAd@wBbAwC~A_@HQEOSQm@mH}Yc@uAgDsM}AyFkA_FA@Ag@Ia@OWm@k@]i@IYCk@
14581001257,oh~bFncmgVOg@KFO\EBAk@@WDIv@QTCnEE~FMxHHpFChALfA?b@B`@Hv@Rr@ZlE|Ch@XtAj@jCb@`BLTAtA_@pDu@BAHULG\ELKo@kCyAsGc@}Ao@mC]kAq@iDw@qCKs@?KDQFE~DqBnQiHrAe@ZGt@O`CYvAYf@M\WxBmCt@eARKRBf@Z`ClBpDnCbFdEdKdIvCdC|HbGnCxBzAhAtCbCxCxBx@r@pAz@`B|@nA|@D@d@GJWBq@?mCBUDGLKRA~FCvEBV@r@NnAIxBHxAIRFDDDRB|A?xCATEJg@B
14581001112,w{wbFnhmgVB@@IAuDBuBB]DIhEIhEAx@GJI@a@EyAYgGG[y@c@WGISCg@?aFGa@GKIEHCdBB~BA\BNEd@EQaKGmA@eNE{M?eOAkI@cFFcE@]HYLSHGTGVAjJC`z@SdMG`[CnJGlE?fCEtYEjK?rC?zGK`B@nJAvTI~C@vDEt@Bh@F~A^NCXUTMz@QTK\Yf@q@HERG`DCtG?rAEr@GJGDKDeADWJMFCRAb@Jj@V|BxA\Nr@JtG^PDf@b@\JVDV?v@Qt@@h@Ch@?`CL`ANvAJ`@Fj@PpDpAzBdAzBz@|@j@Z^r@bAb@|@t@bCn@bBb@rBVx@P`@p@pAfAjDt@fBp@tA~AtCb@|@v@~@\n@lAjF`@vAt@tBJPj@h@`@n@f@`@\^^Vt@\z@XvDr@|ER`A?`@Hj@ZRRl@vAX\b@b@ZRRFTDn@@TDfBfAVTd@`Af@^PZB@HCj@_@RCJHT\XVtBvAf@Td@HpDT`A@nGe@|AO~AG|@@RALGHM~@{BR_@l@m@`@Sr@q@TM\Cl@Hb@L`@XXj@\pAd@`CFl@FtA@|BCdBBf@Fj@\vBHZNTXPPDT?TEz@e@n@OdBE`BWd@@r@Hh@NTPFRBn@BFNNzAd@j@Zf@\RJR@v@OTBTJp@f@pBz@~@j@`Ax@HNBXAlBUl@U|@?v@Ix@ATB`@DTJTLNx@d@nA|AlAbA^l@Tv@JHHDl@?p@F`@AlAUrBo@`@InACdADfAIf@Ht@XfCv@XBRARGRKXW^o@x@kBV]RKTC`@B\J`Br@|AlAZRVFh@DZJnB`AdAd@d@\Vb@~@`Cn@zBN|@LvCDVJP`@\dHlElAp@pA|@rAv@z@`@pCbBDLCh@DX^^V`@d@f@f@|@\Z?LNd@dAhB^hARVJBLARU`@aAx@_BHUHk@HOLGf@CDG?K
14581000728,yhacFvbbgVbAdCp@bCzF~ODBDAf@[B@RZfB~EV`@Jt@n@rA^j@Lt@Vt@Vb@THNEtAgAf@g@dKoG^]rDoDxCkCtBcB|CiBfLgI`FgDLADBH^DD~@CZ@j@Hh@Pr@`@t@x@rAbB~A`C`CtD`BrCVj@XnAFp@@p@E~@Kp@KZWf@mA|A_@n@Qj@Il@A`@Dp@Z`An@dA@b@GZSj@aEtJ_CtGgHxQuAfEg@pAqCvGiEvKMj@]dCCr@?fCG`C`@d@f@Vx@n@bA`A\d@dHbGN@VQt@aCFRZ\F\HJ^ILUD??LGZ]`AA`@Ff@L\b@p@FTF^AR@LFVz@zB`@vAjAjFh@hBlCzKb@pBz@hDz@|ClBtHfA`D^nAFHJDX@l@KlAa@~@_@|BgAd@KfFyCzBeA`C{@^GNDPZfArDnCnKRdAl@vBl@pBz@|Dt@~Bj@zBd@dBTj@\x@RVjF~EdBjBdAbArDxC|CzBdGjFzGfFf@h@dEzCjEnDpFbEdDnCjAt@nCzB|EtD`EnD|C|BdBdA`At@rFtEb@l@x@j@tAt@v@f@pA`AVVBEJANEFOBi@@eDFWDGHChC@xAFtDAjBMnACrE?R@PFJNF`@NxCBjAALGD]BED
14581000202,muxbFjmigVu@qA[E{@@mDH{E@kCD{C@sCD{B?yAA{@I[GYOIKK[c@mCKu@Ew@GeKDmP?qJBcKEcKEgBQuAQ}@a@_Ao@mAiDeF_@q@Oc@_LkOwAsBc@w@iAeCw@qA}EsG_@a@oA_A_@c@kCiEeBcCeEgGwBwCeAeBcE_GqKyQsB_D_FgIeCyDqAyBw@y@oAmBsGwKeFaIQ_@CI@Mr@mAx@cADKAGI?M@aAXmCjBe@RiAr@g@VeCl@kAb@q@ZYH[BqA?YBu@PaA\e@Ri@d@u@lAMJkCdB{@n@oBlA}AnA_BhAaK`HgAx@kE~DuD`DwDfCoBhAwBtAk@h@{A`AE?MEQYc@uAE[@UUSSy@[[QWG_@Wq@]sAs@yBeAwBwD{J}AuDO]mAuBQSOOOGMB[XYn@Y\_At@C??CHE
14463669594,krtbF|vwgVFAe@BeDAu@@mANWFu@VUDo@AiBDaD?w@@kAEcDCYAcBWuAY_Be@{@Uw@YSMCM?Yd@wCFm@F}@A_ACo@Im@}@aDKo@Em@i@gTIyFO{EGkGcAiYA}ADaBd@yId@mLP}B`@qKr@{NLkBJ_CHcDNwDCsGFeCA}@Go@Qy@Qi@[o@W[MGUUmBiCu@k@m@WeAS}BAkCGgGGq@Cy@Qa@M_@U_@[[]We@]s@Qk@Km@Gm@C_AAoMUqHFyCDuGIcK?mCLmMAwCJiFCsBB_DM{F?gCEuGDgM?mHEw@Ee@Ck@H}HCw@GMWSa@Gc@AaCBaAIG@CFLl@E`DFfCDPDBz@FPJL^J`AR~DFjCC`BAXGVMNI@cEDwAH_@DIFCN@`ACXIFe@J
14440289417,m{wbFrgwfVRPd@dAt@`CB\KZiKvJiHdHqH~GyAzAgGxF[Tc@b@EJET@VDXfAbD~@rBr@~BfArCNf@p@vAfBnE`CvGT`A~D|Jn@lBx@nCrDvJF`@Rd@@PAHKNwAjAyJfK[RkCjCg@^kAv@yEjDsAx@}@p@eCvAoCxB}AhBeDjEeBfCcDlEy@|AcAnAU`@_ARk@XwBtAqAt@SPGR?b@NzANz@V`Af@|A|@bBh@|Ad@|@Jb@D@Rt@d@bANn@`@bD^vAp@vBZn@j@~@d@l@vA|AlAdBn@pAl@`Bh@pA|AlB`BfCv@`BZjAF`@FpCV~BT`HF|GCpC?lCD`AJnGHjD@jBLzJX|GBzEGp@Or@c@|@_EzF{BrCsDjE_F~GiAxAwCtDwAzAuBlCsIdLiDjEqAhBqGjIw@fAeAbBQh@C\FXJRPP`An@`@^v@`AjClDr@pAlAnC^p@~@hAxCbE~BzCr@bA|@vAh@l@@NjAzA`CdDZj@`@x@b@vATjADh@HrE?rJFzLAfED`@@fEAbYDf@NXHRNr@L~@B`@HRRNd@Hx@@bCAxCHpMKtA@~@EfE@X@PBDBFPBX@|AN~IGhFFrF@|KBfBC`MDhHAnMEX?RH~WClACTEDC?SG]?w@DWHh@x@ATFHVT`@V^RXf@HFJ@JKBY?sBBm@DWDINIb@CfE?~FGZALELGBIDUCmD@oAFyADYHQNGRCnBE~FAtAERENMDKBg@CaFGe@I[xADlAAf@@RB`@LJHDHDb@FhBCvCD~EA`E@hHCzBBtCAfCNtIF~JAd@Kr@?b@Ip@?d@JtRAz]D~XBbADf@Lp@Pj@Rd@^p@b@f@b@\n@^h@Pt@Jh@BnKE~A@^Dh@J\Jf@TXRXXhA|A`AhA\d@P^Rl@Jp@Dd@@t@AjA@tEGfBuC~n@w@hRc@vIzAtk@^vLLtHLjEHbALt@f@`BR|@JzA?lACt@UxAY|AFVh@Zr@XpBn@|@RfBZ|@HjAFrC@hHEjAB`@Aj@IdA_@^IdFKj@CPE@CAECCMC@A
14440288872,eywbFlgmgV`@GDEBMAeAHeAAg@CwACQIM[CaC?iBDgECwJBm@EQKCK?k_@CaF?yKIam@AyAMsCAyDMq@KOa@C_HHo@FuH@c@CiDFqHCq@AUEUKGIIWI{@YeBK{AA}YBcCGiT?mLKyBK{@Ow@WaA[_Aq@sAqLoPoFqHo@cAsAuCwA}ByDiFY[eAu@OQQ]CSFOz@aArEgGhFmG|GaJnFwGvH_KzCqDxAmBtDcFjK}M\i@Lg@Da@Ao@KkEGiFUqKYiS@kAPaEEeGK}FUkFCiAMqBMe@[o@_GkJUc@{ByFk@qAuAmDuFaOEU?SDQNYvBsBnBwA_B_EcC}G_BgD{A_Ea@aAw@wBKa@AQ@GLIvA}@`C_BvDkCbt@qf@|CcC`@c@FYGYmDoJcAmDcBmEqB{FkHkRESaB_Em@kBqBkFUy@E]HKl@Y\Ux@q@vW}VnAqAHQL_@EI]_@MWEUF_@AIa@aAGa@S[So@JSVDZYx@cAdCcCRWRMXY
14312167133,cstbFp`ogVBC@GMKI?IJCxAQpAE@]AkAm@cEaCuB_AcGqBqBk@cB_@_Ca@iBOwBUiDWgEO{FGw@Eu@IsDc@_BYqA_@mEcBe@Iw@_@qCsBeA_AkDoCo@q@kDkCUUOSCK?QNOLA^JD?LGBGRiADiA@m@Fi@BmAMoFAIECWAMB
14312172943,egrbFpvqgV@@LIHBDNGRa@n@i@GaBoB{AwAm@aAe@o@gFuGgCwC{@iAyCmDsByBiAeAiB_CgGeHWc@c@o@yBsCqI{JwAwAyCuC}F{DKSA[LkDBSDAD@RPVJ
14312172716,kywbFlgmgV`@MFSDcFC[IUWGm@AyDDi@DKDKNAHCXD`IA`DHtEJ`AHVNTh@h@jItGxAtA|D~Cd@TtBvAb@ThDvAvDjAvDn@vAPnETzE@zCDjDVlBRtBXtFbAxBn@|CdAtBz@dD~AhC`BLLtFhEpB`BnBhBfEzEtFzG`CzCt@dAn@v@hC|CvEfF|E`GR`@t@bAx@dAvDnEvBtC|@`ApCbDx@fAj@f@^d@dAjAP`@V@JEHKBGAQIQk@s@Ye@Yk@COBOf@g@BK?MEOGG]KE?CF
14312172834,krtbFj`ogVa@OMBERG`AMfAGPC@K?c@QiBiAwBkA}CwA{Am@gCw@kBg@oAYqAWwBYQK{E]aCMoDKmCCoBDcBKgAK}B]{Bg@_@K_@WwAc@uB}@g@M}@g@m@a@{DcDyGgF}AsAKMCK@EJORGT@FGNgBRsHAmBAUEMGGYE@C
14295278718,oywbFfgmgVZOHQCiALeDCOGMSMs@A}D@g@DIDMZAj@HjIAtHBd@Fh@Pp@NV^`@rAbArOdM`Al@dAt@f@XzBdArCdAnBh@bBZ`C\lCP`G@tFR|BP|Ep@~Ex@rAZnBl@`Bj@zClA~BfAnC`B`@ZLDPc@Di@JsADgBBCFA`@R
14312172378,gs~bFx{fgVHt@FRJR`@d@NZL\b@rBN\`@t@Rj@v@nDb@bC|@tDdBzGZpAl@rB`DdMfAnE\hAl@`BPBNCbEeBxHuDjHiDb@O\IP?DBJNHXbC~JzDfOjBbHjA|Et@hCNX\`@pDlCbDxClGhFlPjMzAlAvApAzCbCzAhAvHlG~JnH~EfEfG`Fd@d@pAz@hAl@l@^fCxBbDfC~@x@zBzA|BfBF@l@IDIDw@G{@@{@JSFGTIb@G|GUhEAp@B~CEdB@R@NHHNBV@lFCLCBc@F
14312172256,sxwbFpgmgVJSDe@C{BDmBEQUMe@AkFBKDKRCd@A~HCvGE^KTQDIASIoGcFoBqA{FyEcFmEaCgBwD}C{C{BQYKKgE}CwGkFk@UqCsB_DgCsCoBeB}AgFcEcCsBqKoI_KuHGI_BsAkDsCm@q@c@{@M_@oEgQ_@gBAaA{CgKuAgFmBmHo@mBe@_BYIIAUDWJ{RzI_@NUF_EhBqB`A]JOESa@kAgF_D_Ly@kDGY?MKa@i@qA[_A}BmIMoAgDgMA_@Km@Si@w@o@k@m@EM@]
14312172088,{rtbFj`ogVDAGOEAS@KFCDAP?t@Cz@Gb@G?g@M{CiBaDcBoAk@mBo@uC}@wCs@sAUyBYiE_@aEWcCKyIO{CWqAQgBc@eAe@cAYkC}@y@c@}AeAm@g@cByAaEuC}BmBcBcBAEDIZQJBLHJ_@A]FmA^qDD{AIcDGKQCO?
14312172093,_ywbFfhmgVT[@GDgBAcDAIGOGESGo@CcA@kAN}@?IBKPCTI`D@|EEnGNrALd@PT\^tF~ELTTRzJtHlBlAhB|@xAj@dCv@rEx@rARn@DhA@~DEvAAx@B\FtAd@h@JjCXzC`@B?NQjCV`C\fAVjCt@xBt@zAl@pB`AtEzCn@h@B?@ENwAFsABmABSFIJ@h@ZM@
14312171781,ks~bFj{fgVFp@DRLVf@p@LVF\CRz@vBVz@`D|M`BjG|FnUdBhGr@pBp@@TC`@KzB}@~RiJl@QN?FBFNNt@~A|GpBrH`FdSdBfGXf@`@b@dCfBpAbAxBrBpDvC\d@l@h@fLpIfIxGnFbEnFtEfFxDhDlC~@n@p@r@lAdApFhEpAfAf@Xp@l@vCvBhIrG|@x@tAt@t@h@lB`BHIrA{B?q@FQDGPE`F]hCM|CGXBnAC~D?XBLFHN@V?rCExAEN_@F
14312171549,y{wbFnhmgVB?@KEs@@kGCKCEKCa@CmA?aABGBEHCf@BxC@~GClDE^KRGDK?UGmC{BiBkAsBcB_BkAkB_B{CsCkG}EqD}C_D_Cm@i@wEiD}E{Dm@m@o@]gBwA{GiFoFiEmCmBkGgFgA{@oCyBoIqGuJaIq@{@Yi@Sm@_FkR_@cBwCsKuCcLc@mBW{@c@eAm@iBYAWHwAr@aKtEmEnBYFSHcDxAiCbAODG?KGIMKWyAiGeEsOESAWEO]}@]mAkCqKqDgNQaASc@aAcAa@q@ASHa@
14199724216,miacF`bbgVr@zBNTj@tAd@tAv@bBpAnDrAfDXv@BH?NFIh@_@JPd@~@j@vAj@fBN\Pt@Xl@Rf@PZFj@Xx@Xd@NJL@LEpAeAp@o@bAi@|AcAfAk@|B{AbBqAlD}CtDoDbH_FvDaCjDkC|CuBhC_BZWr@aAb@]h@SZCZ@tALV@VCz@UfBw@xDgAnBWjAYLBRT~@lAjFpIvBbDjCpE\d@Xn@fAhBdGfI`JvNlAxBrBdD|AnCd@n@dAdCn@`Af@fAZd@r@bApCfD`IrKt@fAb@t@DLXb@f@j@|AlAZZn@vAlD|EvC`F~CfEx@nAbAjBjDrENLbE`Gb@r@^t@h@dBZxAB`@B`BFbB?rJBdCArFDjB@pBE|Y@~C@n@F|@HZX`AJh@Al@Jt@JTFFVHX@pAIhFC~CGrADfFGdDMbB?vAC`@@LFHJT`A@NJ`E?vDCjGBnDFtCIxIHjH@hDDvCI~ODnACjB@`B?jDDlDA~A@nAJzA?n@C~A@FRPpCQtACpIDd@B|CCpBBRBNHDFFT@rFALEFm@DEBAB
14312171399,w{wbFxhmgV@EGiFBiBAOIGUEiBF}@AkDD_I@m@CSEQIGSG_EA{NDkCCoKA}MEsKGmE@aEE_GEgCEsHM_D?_BDaACk@GUGISMMCYAoDJ{HJ_DAsDHeBCsD?i@Gg@IWKQSk@sDGwAByVGuEAcG?sHB_DIeGA{BEiASqB]aB]mA]w@a@u@aCkDMOQMMc@OWkBeC_CmCkFgIiAiBq@cBgAkBgEeGi@i@y@o@[]GC_@a@aC_EmDiFsGgJq@eAkAsA]o@{AwBsAyBaCgEs@gAuG{KoJqOa@k@aAgAm@}@gPqWEG@Od@_AX_@t@u@DG?ISE{@PSJg@j@w@b@qA^eBdAkB`@s@TuAt@WJWHg@HeADg@F{Ad@WLcA|@]p@YXyCdBgDzBkGnEcK`HaB~AwEbEoBtAqA|@qAbAoCdB_Ah@g@j@_Ap@SLKDSGOWi@_B?OHUc@ICKAq@GCi@}@QQG[Sg@mAaEkAoBsAwDw@aBkAqDk@uBMIk@}@s@mAQSQMGAM@_@Xk@p@oAz@a@POAYB
14312171121,_lxbFtaigVFQ~@BLEHk@Bk@DIHCr@F^CVMPODOD]BsBDi@Hs@JS\It@IjEI`EArBKJAHGHQ?i@WyFSoCGo@K_@OSIAPX?DGBCACGTId@I~@IHPNv@Du@DMzAYH?DBDRD~@HtDBlI@lOOxFC|GJlGBfIC|G@pU@dBAtDDfLDbBE`BAJIFy@Gk@?oCHIBGFH`@B^D~DDhANLx@LNHJLH`@TxE@j@CpAM|AChAEPMPUF_HLGFEL?~@Eb@GDS?KD
14312171018,s{wbFrhmgVD}@CyA?kDCSMKWCkA@uBE{MBc@CSGQKGUG{CBsUEoLBsGCeDCuKGeF?eHB{ACkNFmEEmFBo@DQVOp@?DO
14110196091,u`sbF~cqgVHXDBBCFKBSJ}BCYK[QY[c@yGsH{A}AeIyJmHqIeBuBgAoAsDoDs@m@wEgDaEqCoEyBuDuAsDgAuBe@aCa@iDa@eHi@uBIwDGsB@mAGiBQyCg@mBe@yCgAqAk@]IwBsAo@e@yIgHkBuAo@m@Q[CSNQHE^?JMHaBP}BDsCIsCCOEGMEG@
14312170672,s`xbFh|mgV`@NT@JEL[RDpGfF~CnChCnBhC~AjB`Ad@P|CdAfCf@vEp@v@FnADvBAhCEvBJvEf@fAPr@FVJfAHdBXzDt@zAb@dBj@vDxA|CzAfBdAbAp@tDrC`Ax@lBxA`DzCfAjAxKnMtDtEtElFjCjDjDzDLPFP@pAARCFSIEB?H
14312170778,exwbF`fmgVNkC?gBCWCEMGUCaGFO@MFKZCr@BlCCxLG^KJI@QAIE[SyN_L}CmCIS?MXg@?CE?I^VMROZGl@@JDDL?|JElFCVCFQJADAxAANECX`@NJDH@lHHnAJp@Bb@Jp@LTHFVJf@DpAAbBItACXCXEf@Ob@UVQZ_@Xe@Rk@Lo@Da@BqBBa@DMFIJG?E
14312170691,kstbF|`ogV@WCY_@]EMCUAw@@y@B]Jk@Pe@V_@Z[j@a@^Oj@MdAKp@AZUDQDk@GoC?uC@WJSPGhAEd@@nIAtBGTGJODU?Y?uDEiBAeESi@QCaAEQCOIIQEWIeCCQEMWK[Em@B[FEDGRApADCBQEu@M]OK]Ek@Am@BSBMLKPCVBHDC?YEOKM[IgAKOIK]Cs@Dg@LUPKb@CfGAnA@tADVAPKHSD[JeLKcBGk@IYKQOGK@GBADDDHCLU@WGWy@{Au@{AOSOAMDq@n@q@d@qAp@aAb@u@Nc@BQGKOAKCo@?yEMyCScDq@yUAuHImG@qGHyDEgOKaEKc@MQGEUGe@AqDN}D@uDCwDDoBDeBCwKBkGHiFGmB?u@B{ALcAEiDK_DDuAIcAAoK@{BDcADiE@eDHc@DeASyFCoBGaA?cAAy@LDrB@tLB|B@xRAvDDbHAfCEt@JnMCzHCbAFtIAlCBfBDrAJpA@zAb@H`@CnAAfP@|C@R@TPHPDTNfDFn@ARENc@F
14312170447,eywbFzgmgVLIJKD[DgFAUEKMEOEiAC{CDYBWJKXA`@HnGC~D?vELbANd@NT\\xDrC|@r@v@h@bFnEjA`AdDpBbDzAxBx@fA\jCf@rBXbBLxAFv@?nACz@@dENnE^`Eb@rBX`Cb@tA\pBn@zEjBrDdBtD~BB?ViGFIH?`@PHJ
14068970833,}_rbFdnqgVBDIDs@CY@UFOJ[ZKVGXCt@Gf@I\Wj@ILSJOCWQaC_CYWQI_A}@aAsAcBkBqAmByBgC_ByBkAuA{@{@{@eAuB_CsDoDo@q@cHmIaA{AsBiCaCuC{BeCoAmA}AuA}C_C_C_BO_@_@QwAaAuBmAYSECNXbAj@jBrAb@n@LLLDAQa@q@{@k@_DeByBgAgAc@aCw@sA]oBa@uCa@mBKsEe@gDe@w@CuA?qGH{CU_Dm@mCq@oFoBsBkAyAeAe@i@QOqAcAoAeAmA{@cAy@iBeBUY?KDIDAPAHO^qAFe@?wEAcDCMQ[
14312170343,srtbFb`ogV_@YWWISAk@?eABi@He@HYRc@NSZ]l@a@~@Yf@Gh@AzA?jFIzTCjHIbB@RBLDHNBTN|VDpFDr@JbAX`Bj@fBt@zAb@l@~@fAXPnAxAnCjDrAjBt@|@f@x@`@dAR|@Jp@HpA@~@GdAWxCMn@Wh@Kt@Jb@r@~@d@v@LLPDR?hCE
14312170266,_|wbF|hmgVD_@@q@E_FGg@GG[GyBEM@IFGLGh@ArABtGGzF@pAJp@Nd@PTRRvB~AhCrBzBjBdA`ApDrCfCbBnCtA`EtAxA^fGfAbBJnFBxCF~AHrDXdH|@v@Bb@FbCr@nE~AfChAtFpCl@b@TD^[NeBB}A@OFGH?NJRDJH
14006652854,cstbFj`ogVJE@CQIS?MHCL?z@GhAG\EBE?k@UsA_AkDmBqCsA}Ak@}Ag@gDy@aBYmCa@wGi@gGWwCCgC@aBKuAOcBW_AWiDkA_Bm@w@c@a@K_B_AkA}@gA_AsIyG{AsAmCsB]]W[Me@GcAAkABcOB}@FODCDCTCh@BvACfA@ZDNJJ\@VBbFCJCDMBYLZ|@HJJFPFFAb@]C@EE
13922851373,{rtbFt_ogV@@]BIJEzAOrAC@QGUMyAiA]ScAi@qAg@gAi@aC{@qDeA}A_@aC]kCi@iAMsEa@wEW_JEuAIeAKcDo@aAUo@UeBw@uBu@yA{@eBmAk@o@sCyBwA}Aq@i@qFuDq@i@q@{@[m@Sk@Gk@AwIByA?aE@[FOlA@tDGT@PLHT@VKrFEJGDc@D
13922851451,c{zbFhb~fVrBsA`@S`@MTCP@LJT\b@bA~DnKzCnIzBxFrFnOFTHt@DbCBJTHx@@lBCjHWbG@r@Ez@Qj@WdAy@vFaFpCiClAaAl@a@XOb@Or@O|@MjAAnHJ~DNzGPrDDxGTv@@t@Cd@In@[vAiA~CsCx@i@zAw@VI`@E^JPNVb@tB`FpF~O^~@n@lBfBtEdIpU`EtL|DtKdA`DNz@Dl@AtMBvEF`AFn@VhAVf@b@n@tDbDj@\xBz@`@TTPbAfAn@v@Xb@Rh@Px@RrBj@hG@PCJIDa@?KBIHGPKDa@Fa@?IEIQO{@Gu@GQCCK?i@HMLARLrBF`BBnETpOFpATnBBj@Al@C\GZWz@WfAEj@Cp@BtI?tEAn@Gx@ChAFzCVjBDr@?pKCpBEfAGNMFuB?Y@_BRqFBe@BWFULIHCJEnBEZIVGFQH_ADYFINCX@|EFjC?HCDAC@A@B@JFlC@FBAC??DEf@Kf@AX?bGB^FRFDPDz@@tKCbADh@Nj@^v@v@HV@JAvEBbYIdGApCH|`@?hLn@fWVzL^`n@HzN?jFChAEXEFUFeBFu@Nc@Ta@\[`@Ud@Sv@Iz@AjADvAr@HTL
13125040280,yrtbFb_ogVADOEe@UEOASBcBFk@Py@Xo@`@g@RQ`@U`@M`@Gj@Ah@BXHFBHPDz@?vDRtOC`ACPEDMBWI_BqAqF_EmCgBiB_AwBcAqCcAiDgAqA]aASoEu@sFe@qHWaHGqCUoB[yBi@g@OcE_Bg@MgBgAyAgAiAaAaGyEaBkA_BuAmCsBa@_@OYK]Gu@B}HEkGFy@JYNGPCtEMb@NHRB\D`DEzAED_@CK@
13125040279,aywbFbhmgVDSVGDM?oAFgDA[EKIG_@?c@@qB@mBGQDKh@?fM@lD?`@Gb@Fz@Ph@RXTVtJtHpAjAxCdCnAn@rA|@pDfB~CfAbAXjB\bDb@vBNvC@|CFfETvCVxDd@xBXxB`@jCr@rDrAjBx@lCrAtBhAp@f@HDHGLc@HiBAkA@O\KDBTBDF
13125040190,gckbFdzigVCFL_@Hu@?Qi@Iu@g@}@e@yBcBy@c@GAkAjCcDtIKh@OTSLg@Na@Fy@Bc@AWEa@Mo@]e@a@OGQC[HoBbAWFO?OASIYUqCmCiA_A_@YOEE?IHANJ^|@`BFXCP_@b@Sh@MNQF[@SFkAn@u@h@SHGASKQc@qAsEc@kA]mAY{@[o@iAgBY[[Ss@[kA_@sCsAu@WuCy@_ASoAMu@MkAKgBCi@By@?o@NS?SA_@Mo@a@_@Ma@EuCIwBQ_@Oq@g@cBcAq@Yk@E_@Oy@e@c@O_AWwBa@wBe@eBW_Cg@cAQoBa@kAUmCm@uCaAiBu@e@Q{@e@gCgB{CkCa@c@eAmAoAeBy@wA}EmHy@cAoAcBiAcAOScAqBeBcBWKQCO@KDQTKFqADcANOFWXGTAZBpC@hE[t@eBjCM\Kn@AfBDlDAlNBtAB`@Nn@Th@z@zATl@F^B`@@b@G`BEXMJSBqAE}CCiE@sECaEFcHBsDASCgAAaGDgI@o@Cw@B_AGg@?oOH{@BLD@Mo@AoBBmBJsFDyQDgHE_BFWDwACoNL}FIeF?w@BuBVoCBSDOJOVELG`@?b@JhLBnHA|JJjGAhFIpI@vIHzHAVCVFbBLlKBnFCfE?fOJ~HBrJ?pACn@GXOLSASK_ByAuCyBoBeBuB{A_FcE]]MWG]C_@IaGAyKBYFQFEZEl@D~CCV@RHLRDh@@zCElACL
13125040251,w{wbF`imgV@YE_CCcECUUm@Ee@FaAJa@NKPCdA?hAEhFAb@GLQBS?eCEg@KQIEo@MMOGUCi@D{EE]QYNCXB|@DxCFLALKNGT?A_AE_AOaGAaNCmB?_BEqCFqIAmKGkFFoGAuCFuBDYFOLI^EpJCrDKzFFhCIfADlFHr@ANClJMfRGvB?r@@jJGlC@lMChCB~IEdFOnFBlBEbD@dOIlFBnCMlB?FCRY@G?mDBeBFyAHk@J[tAmBZi@Ro@Lq@@u@AqDBc@EiA@yADy@VaCBs@AcAI[IKSSwBwAIKQc@CUAi@@sF@m@Hm@NMl@KbBOJEd@WTAl@R`BfAT^d@fAV`@xB~B^n@h@p@`@`AjArBbBrBnAfBjChDj@p@tBzBjCjBv@`@vB~@bBl@^Rt@Xr@RvBf@jANxDp@hAXhDn@jEp@b@Jt@XnAr@`AN`B`@PJrAdAr@Vd@FdAF`AL~BN^Lp@`@j@N`@At@Qt@@n@E\@hCL~@JjBTv@R~B|@h@VhBfAhCjA^T\ZjA|Aj@|@Rh@XfAd@lAlApDXf@PPPHH?PEpAq@\SbAONQ\{@V[DSAIs@sASk@A]DKDA\R~CjChB`BPLHBR?RGbBw@b@ORA\HrAt@^PTF\B`@@j@GZI`@SJMHMb@yAz@mB`AiCVy@JaAP]NKLBlA`@dDjBx@j@FLf@`@HRGN\T?A
13098016945,}rtbFx_ogVIEMASFEF@j@ElAGv@M@]OmAw@}@g@kFaCmCcAyAg@uBm@{A]sEs@qAWaBQaFYqLQaBKmBS_BWcAWqDoAmBu@_Ag@}@o@{@q@oAiAmCqBi@g@sCwBmBcBcCmB_@_@QYOm@EeAA_Q@i@DUDGPITCvD?n@BVLHPBTGlFEN]H
13069006778,{kseFv{`jVPp@FHZf@\ZNGXWb@k@Na@~BoC`A_BlGeIxBuCv@qAfBoBrBuClCiDbE{FPSHCJ?LJdAvAjDbEfDrEpCfDfAzA`@t@
13067539914,kywbF|gmgVOGi@OIKGcA@iDEm@MKUMG?yAAu@HITEv@?lIE|GEVMLQ@YKiN}KgAeAoDoC{BiBgBoAaCyBoB}AsA_AcEcDuOsLwCeCaNqKaG{EwEqD{AgAoC{BuFiEU[wB_BkB{AQQg@w@Uc@Se@{AkGmG{UaDkMwAgFe@mAk@qBUIG?[HePnHcCdAWDmBbAqCpAeAb@G?QCQSEOsHaZq@yBgBaHe@kBMw@a@kAmB_H_@_B?MWeA[s@w@{@UYEK?Q
13011157633,el_dF|_iiVKSkAiAuC{Ca@i@y@}A_BeBIUBKP_@CKs@]cBcA_DcCg@WQC]@_Bd@cAD{AIo@@gAXc@TQPOBWEUMaA{@QGOAKHmAvAq@l@QF{@JMCEEOc@Ga@UcC?kATqC\yBXm@d@q@@MEOiB{Aq@_AeAq@][]S]IaBU}@Ay@EsASsAGUEKQG_@M[oAqAiAcBQqA_@iBSm@c@{@AQDi@~AiHd@wCd@wB?[EWUq@MUQOs@a@k@Qm@Io@Aq@HuFT_B@uAC}BOkD]y@Gy@Am@@SA_A[g@]uBeBk@q@e@iAc@kBs@eDOwACiA?y@R}IJuCVkDAKOeAMe@W]]QSG_@Bm@R_@R]V[XeArA]VULa@LwEbAcANuBNsAXw@J{@?oAMi@Aa@@cAJ[AIGIKy@aB_AkA]]_Ao@oB}@sA}@{@w@eCsB_A_AmByA}AwAi@i@]s@_BaFWm@k@eAUWYW]Ma@?WH{@j@i@Xc@Hk@BgBSiAGcBYgFiAi@Ig@CiEAmD@cAJu@RyA|@gAd@uCxAaC`AmD`BqCxA{BnAaAp@mAr@sCtAuAv@gAr@w@r@Y\q@nA_BdDoBjEiApCmBhEsFtK_DtGWx@eAbCmCxEOf@CX@p@I\KLKBi@c@]v@Af@BX\~AZpB@j@ExADd@N^z@jBv@fAT`@dBbFRt@x@fEpA|FvEnOH^Dr@?vBKp@]dAQZg@j@}@x@_@f@Od@]hBAf@F~@@f@MrCExBXfEAj@If@KVMNQHODw@BgG@g@HYV[l@_@jA_BhHUnBWrEDf@P`@tA`B`BbCh@j@ZR\Hl@CzBSRGj@YPETCx@A`@BZJPNNf@Dh@E|CLtH?lDEvBIbACtADzA?dALvD@xBDb@J\BX?|DKnBYfC[~AuAjFWx@KRg@d@KFU@o@AMDGHAXJdAAf@GXKVy@l@Q^Ad@HnAUtAg@|AS~@Ul@Sr@IJYBKFOTWdBGP_@f@SdAe@vBIh@GfAEZm@rCIn@OdB@fAALSZoBrBiBbCoBfD{@`AwAbAgE`F_BtB}CvDeAzAu@x@aCxCoD~D]d@u@vAsBnCwAzA}AvAyArB}@v@y@f@k@d@{@~@UH}@B[D]HuAx@SFe@LWRu@b@kEJcACm@BiACk@@IIB@?t@HlAVv@LRJHhAb@RRFNCPMZq@dAIRALDNj@j@Eb@@h@X|DJr@Tn@z@pAJVFXBh@DdBBdEJbABNVf@X^^Xr@`@FJLb@JPPJ`@RNLJPPj@B@NEXSLGPNhAfBP`@Rn@\j@j@j@jAv@XTp@`AtBhD`@r@l@zA\fAARKPiFzFkFhGCDCV?NPZhd@vt@LZSbA
13011157279,o|wbFzhmgVJKDIDo@C{BByCAOGGICO?kANw@ASCC??B@KIOi@Ni@FkDCkCBoAFk@?QCMIKOIc@KqBMqACw@?cNFk@?qAA_DMuACyBLkMG{RI}F@eOCyAMsB?u@FgA?aCGe@KQOISA]Dc@L[@g@Im@DaA@ODe@B_BEgCDaDAyCDeDC{FDcDAcE@mLE_DBs\Ai@F[Jc@RaAp@}CtAiBp@UDI?ECKO_@}AgBiGQaAcAyDm@oCcAsDc@mAg@cBg@CaAn@kCdAiIrDkCtAc@PyAv@{CpAcA`@SFK@KCWMKOi@kCwCcMiB}Ge@wAi@{BgByH{AsFy@eDo@yBSiAKWOWi@g@Wc@KGEG
12936193658,q}`cFn{qgVCQDIRML?DP?z@AvAEd@EAc@Y_@K_DEm@CKiB@{HC}IAg[DyBPuBZaBj@iBv@}A~@sAt@u@pA_AhCqAdCkATQRUVe@X}@H_ABuIDuBFc@LKzDwA~CqAZWx@_AHOJk@f@oBzEmPP}@LcAHeB@kDBaAH_Ad@yDB}@BOGmH@{IBkAFSLKTE~E@~rAIbAAd@Cr@SnFwBl@YrAy@|@a@hS_I|@W`Eg@jAWd@Q`@W\_@rC}DLKFANDXNbChBzWxSjLnJb[fVj@BFAFGBKFq@JmDDQLGxTCjB@d@@VDJFDNI`GOTW?CB
12936193586,eywbFtgmgVYI_@CKGCi@EkFCSCKECOA{CBODIJAd@@pOAvAE^s@RmDqCiH_GUOWMsIyGeJqHyGkFgCiBmC{BiWiSiBwAsE}C?@Y@GBkDrE_@`@WPYJg@LoARkCZi@Jg@N{F|BsCdAeG`Ce@T}A~@c@RmFpBeAZw@D_C@sIAyXFuIC_@A}IJmP?eIDy@D_@HIFGHELCb@C`VGdA_@zCGfACfAA~CGtAQrAYpAmAnEcDnKOx@A`@D`@Lp@lCbLhClLrFvUFh@Dn@Cr@G`@U|@a@r@k@h@cB`Am@f@g@r@Uh@Qh@SdAGr@?jKCx@GLi@XsH~CaEfB_A^[HYByEBS@KDELKvAg@~CGbDCREDM@]CQGKMB_CAw@C[EAOFEJOFEJ?J
12936193396,a_rbFtmqgVCNKEk@Cs@DMFGJE|@UpAK\e@b@In@q@~@KHE?OCGGeB{BoAuA]m@_BoBo@aAsEmFwHoJ{BeCyBsCoG{GeDeEmGoH_EeEiBkBc@a@qEeDoBkAqBwA_Ae@}BeA_A]uFkBoA_@qCo@wBa@gAMgBO_Hc@oGGqB@}AEsAOcBYqA[aAWkDqAoAm@a@Ig@S_Am@uAcAeA_AkIwGgFiEk@i@QYK]Ca@AgBC}BBcEAoEBg@HSDEPGH?|@FxABlA?R@NHFP@TIlDE`ACL_@@
12936193378,cstbFv_ogV@@MII?IDCJCtAMnA?PSVGV?LHLb@^~AbArDpCfC|B~@~@vGxHhLrNxAzArDrEzClDtD|EdHfI~A|BBBDAPQ^k@zAsBzAmBNMH@HHj@|@JTDj@DDN@tAMv@CRE
12936193374,cywbFfhmgVMIq@KEMOeC@_CCa@OGYCyB?SCE@KRCRHz@DnAGhI@fCCh@E^FtAJ`@NVTRhKvIb@d@zErD\PvBvAlCtA~DpAdB`@`Df@tALbBFv@?`CGnDFxBNnCXrAT\DTFl@BbBTjB`@x@LlDbAdCz@tBz@|DpB~AbAPLLRLDDKP}@H{@HoCBGP@FHF@JJB?
12923327691,{inbFfdvgVRl@@JGNKDMAUUsAqCsAyCsA_Cu@kAyAcBwGcJcAmAeAgAuD_Du@}@aBqC}AuDy@wAg@o@}E_E}DuDsC{CaCqCaAaA}@cAcB}AoEsEcE_EyEcFqLoLoCsCoB_CiDkDmDyDaCsCwC_Do@cAkA{Ay@kAoAsAkDsEq@u@]QsAcBoC}CiEgF_QoSiByBaDmDmDkDuC}BoCiBiEmCoAq@qDyA_Bo@sDkAiBa@{AY_Ei@eCUcDW_CI{EGmB@mBKw@IuCg@eBa@}CgA{Ao@UC[QuCoBgAaAaJeHyF}E]_@MUOk@Cs@@{BEsN@_@FODEFCRAvFHZ`@AxAKvACtAEBQBCD
12923327480,_zkbFrvygVUSWe@uA{A_@]qBsAe@c@Ya@K[a@yBo@qGUgASg@e@cAkAmBkA_BcAoBgAaB_DkF{EiIi@y@s@}@e@w@o@_AiKiKsF}EcCmBiAqAsAyBsAqCmBsDm@sAK]ASV]@Q[k@I[
12923327539,_`sbFfdqgV?V@?FGLw@HKJ?TNzBhClClD~DvE`@j@~FzGfB`Bb@h@zGdH|B`CzBrB~HlIfNdNhDpDxAdBHBn@x@hHrHdDfDzAlAz@~@xArA|@bArD|GvBbDr@x@r@r@p@h@nAz@hAdAhFlHzBpCt@fA`CtDzBbEhB`D`EnIdBtC`AjBPVlAvAhGxEzChCdJfJf@n@vCnF`BlCvAhCdHtLtBbDlA|BZz@Nn@ZnETbCLf@N`@NTXXr@b@|AhArAtAVFVARTLXD@
12923327492,i{wbFxhmgVIG@i@GqHSK_@A_B@]DOPIf@EdF@fHFfADnCJf@PXj@j@dBtAbBnAdAbAbBnAJRdEfD`Aj@nBrAxBdAdC`AhEjAjARbBRtCTlD?tBIbABtEd@fJlAdCb@|Bl@dGrBpBz@x@VZPvBtAvKdI|AzAdFpFvEtFvE~F|F~GpBdCr@`AfE|EDFFTKvAGVGDI?
12923327115,estbFh_ogVDB?D]BKHAHBV?^EvAEVQBe@ScC_BeCmAaAc@}B}@kBm@cCq@yBg@{AWoC_@wBSgE]_DMmHAgAEqAMgBWgCo@w@[eA]cA_@e@O_@Gm@]s@o@aCaB}AqAeB}AoA_AsBqAgA{@eDuCk@o@Q]Ia@Cu@?{HEyGBa@FQVMpAIhDCPDDDHR@X?rBCxAGd@EBUB
12923326925,w{wbFjimgVBSFO@OEgAE}FEGIEWCuBFUDMHKPEXA\@vBA~HFvCAxBFd@HVNV`@^`EzCzApAjA|@~BrBtCxBtA~@dAl@bChAjDnAvA`@v@NbD`@xALrBH|C?zCFfFZtC\XTnCVfEn@`AVjDnAfEdBrBbAlD|BB?@GPkBFgA@wADIRXL?TF
12863111750,}}hbFlycgV?BSZ@zAEb@EHKF[DgFAqPBg@C[GuAk@q@SYGw@GeJ@kEBcAAcAO}GcBu@Iu@CgCBmE^cADoOFw@@g@Fg@JkC~@g@Hg@DeGEuJBkLH{DCmACs@IYGm@WwHqDsBy@mAYe@E{B@}GA{BDcAFYDe@PWLeHhEgBfAUTaDnB_A^aAVaAPs@F_B@s@Gu@KmA]cEeB_A]oAWqAEuD?iNTeOJsJA_WFyDDi@CsA?_NHqK?qGHiAJoATYZAH@vDLdJDp@VlBBnAGv@i@xBMv@El@CvC@fMIbCBrCB^V|ABl@?|LCvBEd@KDmCJkBRkGHk@DYn@A|AId@IVCDMD_BFKBCBERGjCCFo@PoEDqCCoCDqDKkABe@CoBB[CWGWKa@Ya@O]Gm@EqB@iCF{@CeKLqE?_ABONGn@C~G@xBIdGDlMCtQJ|FK|EE`HFtDFzL?dSDvWFhJAp@?|@QHYOg@GaBF}A?G@Pn@?JBzFBb@LLj@HTFLPBVVnEFbC@hACjACp@EPCDQDgAJyAHyCHEFOlBAB[D
12862121291,{{wbFximgVBuHBy@HWRCfEBdDEdAGRGFK?YEsA]sGEYOO_AKMGEGCa@BeGGWSMBAPA|A@dCAPBLGd@CBG?g@MeII{ABePGeSAgR@yDHwFFi@JSFG^Kb@A`z@QrXK~[EpIEfF?zBE~XEtG?hEIh@e@BIB]AiEFyOBo]CqN?cEHqHDeAH[DCTAlEThb@jAt@?z@Gj@IpDiAxFyAvL_E~Q}FbEwAbGoBt@Or@InIYNQDaA?yEBsEAiLBcH@mKDmCBYFOLEdAD~A?|c@Gh@Ef@If@OdBq@f@Kf@Eh@AfF@vHClGc@hCCt@Bf@F~GbB`ANt@@~CEjJ?bABt@Hf@JnBz@XDd@DfTE|BIRCLIHY@c@A}B?FAC
12860605780,qrtbFf`ogVGAMKEAODENEtAMfAE@a@C_DuBmCsAiDsAgDeAsBg@eHiAeCW_Jc@}IE}@E_AI_AOiCm@WKi@]_@QgBq@uBo@uAu@mBsAcA}@{D{CeFoEyDyC]a@K[Ea@GuAC}BD{@A_BFwHBSBENGPAdCFhBAP@PJFRCzBBbCEL[JIF
12855145064,ackbF~yigVJm@EW{@_A{@gA_A{@y@i@KEK@cAOKBIN_B`EsBxF[f@Kn@SPg@Lu@H_@?a@Eg@QeB}@OEOAYF}BdAWDYAWOaD}CoAcA_@WKCC@CDCLDX~@nBBPCJ]f@Qd@INOFa@DQFe@\aB`AOLABBPt@nCBVQ~@_AtIMp@?HFFNBbEZRHFDFT?Zc@pE}@nLMp@I`AEn@G`CE`@CDEBSAuBe@kCc@yPkCa@Ec@CW@KJCTCfNETING@G@SC_B]gDk@w@YcAg@SGi@A}HBiDAgDD{F?uJE_PHqACWGSOMWe@uAKOoJwBaOaD_AMO?SFMLCJA\HtTFzDE~B?`DTbOHp@^jBFn@BbA^hW?|ACNEBWBsA?ua@IqQHgB@u@EuB?gTLsIByLFi@Bg@HYHWNc@ZSTYf@Uh@On@Gn@C`@BhCZF\BLDPN
12855144748,w{wbFdfmgV@sEDs@FItKKp@KLGDK?wDKkEEWKKYEm@CKICGCs@@}EG_@Wa@dCJhBE\FLIZE@C?c@SeKGaH@iIAoFCqc@BoED_ADWHQJIZI`eAWlNGd[CtVM|XGvJBbKM`QAfII`@?f@DxQEz@HlAVVBJCn@_@p@UXMTUh@m@RMJCVCbBBrHAjAC|@ELKF[NqATMLA^Fp@Xb@T|AdAZL~@NpBLpBHj@FVHZ\f@PTBVAn@Wv@D`@EVAzCP|@NtAJj@HhExAxCrAdBn@r@`@ZVb@j@t@nAb@jAb@zAj@xAd@tBTr@Th@TXJJF?HEnCcBPE`@EJEFKRk@^i@BICSq@qAO_@Ca@DIFCPFdA|@zDnDNLPHT@ZErB_A`@KXDxBhA^J\Bf@Ah@I^KXQRUV{@hDwIv@iBFOFEPFr@d@rEjDf@d@HLHZKRKF
12855144977,gywbFpgmgV?Id@GBOCgADo@@}@E{@ISSIeAGmDMM?IDIJERIhBGlIFrFHlBFLNV^`@nJxHLN@HhBzAfBtA|DhCjAj@hDpA|Ah@t@PnAJpC`@jBP|@DbJNrBJ|BPfCXZJjC\nEv@~A\rCbAjEpB|BjAzBtALNBATk@BMHaABmBBSBEFA`@LPACEQEUMQOGICm@BqAJcAJa@N]f@s@b@]r@YZGh@CvDBnCKxB?tOMzLBr@BRFJRBVCpCHlJ?rHBbDHxARhBV`Ab@jA^z@Xf@lA~ANX@RCJIX{A|BoBhCyDvF{@dAMDGAQKeDeE}CgDyBiC}FkH_AeAmCiC}AiBgAiAqEgEuEsDa@c@qA}@oBgAcD{A{FoB}Bo@cHuAkAMkF]cDOyEE{AB}AEyAMsCc@mCs@aDmA{@SaAg@UQaAk@{@o@u@s@eCoBgAu@WISMyGeFmBiBW]Mo@Cg@@oBC{B?yCEkGB[HKLGRAjB?xBBNBJFJV@TAlCEnBEDYCIB
12694412854,e|wbFlimgVFu@EqCJ}CCQCESEsBBmAC{EFqH?SEGGGUEuACqH?aKB{@@aFGqGBwFG_H@uDCmEE}A@cVAw@I}AAw@OwABkD?IB@?]IOMM]GyBDoC?aCLsDJgCK{E?aBCiB@wAKSIOQIWg@oCKiACkCFyFE{P@uHEqACgEE}BNeF?iDCeBGkAMiAWoAW}@Wk@W_@iByBeBkCoF}HwBwC}AmBw@iAs@oA}@oBaAeBsDiFs@y@{AsAQ[AIDYNYlDkE~@sAt@u@lDaExAmBVe@\[zAgBxBqC|AgBzAoBbA_BbIcK|AeBpBiC~DyFtHsJn@aARc@HYJqA@e@IyBO_LIsAGoBEcDA_CEkCO}DCgBDiCBaEAiAF{@Aa@KiIWiBM}CQ]SQWKcAQ]KYMkAy@s@Wi@I[AuAB}@HSJGHCJAZ?fA@^DR@j@?nCAFIFmADKFCFAVBXHR
12694412375,e|xbFneugVGMCYEKs@YaAu@EIAMTy@|A}DZcAPmB?cC?i@D]JKJC~CCb@ETKLSH[B]IsG@aCD{CCiKBcDCeGBkC?}AJsDBqFMkCEuQKcJKyh@CcD?yHCqFD_KAiKDqAH[NIPC|ADz@?nCCb@ETEj@Sp@g@NSb@cAZ}AFaBAwJEmGBuDAqEBa@JSNGb@G~D?Z@TLHX@^?zBKx@Bl@CHIFY?ED
12694412642,kywbF|gmgV?G\MH{@FiA?yAAe@IUMI[IoAMaC@SBKDSRIb@EjB?nLGzD?zEC|BGl@G`@i@dBY`@]X_@Rc@JmBFy@F{@BaB?}@KI?GFGFEXHjZAdPHbPArGBtLD|HA~L@zKEl@ElBFjEBhGCtFEbABbHF~EE|@WdAC^Z|EHhD@rBEpC@nBE|BJhF?xEEb@GRSPUN]Jg@K{AHO?CGSREN
12682199602,cywbFxgmgVb@MDKAuAs[}^?kBMcJBwI@k@DWHQNKRA|@DbEBtFCfA@bAEfCC|@B|EA|B@r@NDJC|DJ]l@EXBD`@FaE@IB?BvQHrDP`W@rVDbI?fDDxDCxBAJURGBOA]SwAwAiCoBeByAqBuAqB_BsCaCOOMUIYGk@EkB?mFBkIF]PI|@BhDC^BPFJP@VA|@?tBIzA
12433982029,cwxbFl`mgVA?DIG]CEKGY@WHKLWh@IHQCOE_Ao@SEAB@HFHf@ZjEzCTLJ@NEJKFS@k@?kBCc@AqBBcPCkBDeHGkA@iACsC@gNEwD?cOAwAKsCA}AAeFDaFMaD?aDI[IQQOa@GsFNuGDwAFmCCyCDmFIcAKQIMOScAWgBKoBAoF@wHA}E@oCBk@E_AG}F?_GSmDEoBBsANsC?gAKqBIo@Q_A]eAg@kAo@eA}CeEqBuCu@}@u@yA}A}BSSs@m@uCgEg@}@mAiCu@qAqEaGc@e@gBuAuAaCmB{CiCwDsCaEcEmGOSYYk@w@eEcH_AwAaByC{AcCuAuBuCgFy@oAsAcBYa@_@aAs@cA_@q@Qa@GWg@q@w@{@{AwBgMiSc@w@AG~@}Ap@y@DMAIICc@Do@XcAbAg@\cBf@cBz@aB`@WHcCnA_@HmDb@cAZ_@Rk@b@]j@]Z_B`Aq@Zu@`@aC|A}ApA}B~AiCbBoA~@mExCaBjBy@x@cDnC{AlAk@^mAr@gBhAcBjAw@b@y@t@cAp@MBMAKK[q@[aA?OBUWAIGy@cC_@_B{@oCw@_BQc@k@gBw@uBcByDi@}Ac@}A]U]_@cAeBOKOESHg@f@i@b@mAv@KBI?QU
12433981773,_qfcFn|ahVEF?@R\RTPFNADCXa@Zy@X_An@eAnAyE^cAt@uCfAwDXg@f@gA\oATaAToATeCZcCLeBHWv@eBViAf@sAv@mC@QRq@ZuAfAiD^}@J[t@}CV{Ap@yCj@eBRs@`AyEzAeGPaALyAJo@J]\u@lCaM|@{CRiBJe@f@}Aj@s@Vk@Lw@NyAXiBr@aEl@qCz@{CNw@b@oClA_Fz@wDPk@vAsGT{@v@yDjAkFrAiFpBqJbAyDv@kDp@eC`@eB^aA|A_Gl@gALs@Rs@R}APq@^cAz@_Bx@wBn@uAb@kBb@yCZmAFw@NURcA^sA\{BbAoEPi@d@cAh@aB\k@|@gAh@k@rBwAf@[d@a@X]Xm@HWLe@VwBTiA^sCb@uA`@eATaALeATyDT_BTmA`@eAt@yAb@s@h@o@jB}Av@kA^{@V}@He@NqALgBFsAC_D@k@J_BT{AHmABaECmPBsADw@NsAXyAn@kBx@iBv@cA|A{ApAq@tAe@dAQpCKRQFUDs@?aFEmAAgDEsDFuAEiECoH@}ADeAKuDCwCAwHCaAE}J@cDCyCB{CAmF@oDC_CFaBPoBZ{A\cAl@wAz@}Av@w@`BwAlG{Ct@g@T[JWTcAF_BGmB@cBHkF?iCBqAByEDs@EkBMqAkBmIa@aCSiBImAImBAyBHkCVaCNiAlA}DjBkHb@qAj@gCVo@JIJ?fAz@`@TPD|BFrFAlCB|BCjEAxFAtABjDEvCAfGBjADnAChBB~GG`D?fAAtH@vBExABvBCdJ@^CTEpA]bCaAPELBLGf@_@d@UjAq@zDaB`@W|Ai@tAm@vCcA`DqAbAYzAO`BY~Ac@`@W~@_A`CwCNID?nBhAv@p@fE~Cn@n@`Az@b@d@|@l@h@VdFvDnAbAdAdAp@d@|C~BnD|CjAz@ZXhBlA|@p@dA|@z@x@v@f@l@l@xAdAd@h@fC`BvBfBn@XD?NILSHk@B_BDaAH_@JIb@CbE?rGKj@BvDEzA?VBDBHJF\DhA?rAClAGLYHCB
12433981501,}{wbFthmgV?@F?@IEuADm@EsBBwAIWKC[?oBFYDGFETEzAAjMChC@`EEfGOjA_@z@i@l@SN]Nc@Jc@BqDBuB?YC}Ae@_AOwAKeBSwAEwD]oBSc@CyI?mBPqCF]HSNCJANHjDAnYy@~V{@hRKfAWbAuChGMTGDW@kAAg@Eo@OoDkAmOoFy@UgAMsAE}A@G@QEM?oCDmDB{H^uABgFc@kI{@sAMu@Ac@IkCQiGk@oP@QEEGIUq@_E[uAqAwC]o@[]UMUIo@IcBIcDF{ECcBBoODq@Bm@JeFpBiNzFeCz@_OlGkGdCwBbAi@Ri@`@EXA`@ClH@nFEpHD`RCtLHhOXjGg@zEGHWHgCL}@NyAh@aBz@q@d@m@l@W\gAjCQh@q@jDMdAGfAAz@FvI?lLIvAYlBKbA?~CIbCQdB]pB[`Aq@rAi@t@oBpBa@f@m@bAi@tAMh@WtAWdCu@bFIb@y@vBMf@g@xD[lCOv@Qd@e@x@m@n@uD~Bq@h@W\]h@a@z@Od@mBhIa@tBs@lCoCrLw@nCgBlDi@zA{AzFwAbG}ApFOr@c@zAmFnUu@nDwEzReDdOwB|I}DzQe@|Ak@bCsBfJaA~DwBlJq@|CuBxI{@|DqBdIyAbF{A|FuBxG}AtFSnAOfCKfAUhAaA~D{AxE_A`E}@`CwA`FkArEINGBM?i@WOW
12311383376,exxbFr~jgV?AARBFJBX@PDDHDVCzCCd@JtJIjIFvT@|CPrCBVNNHDX@rEC`A?|DIfBBnBElDHPHDFDT?lBDj@CvAENID]DEFoAh@?wEHoBCYEEKCuC?SBKJG`@?~MC~DARQj@D^FfADpFG~@Oz@Yr@W\i@b@m@Vq@HiCH}@Jc@@y@C_@CWGQAUJIRALDjCA`KFjTAvEBjPCdJF~E@xF?fHCjB@|BDNBbBAtBBjGCjCBrA?vDEnNC`CJzC@bDApDG|A@lBEtCFbECnK?|BJzD?bFBhD@jMCfBDrF@jECxC@pCC|BDnFCtGH`JCvBCj@DlFCrGF~DEjCFnCCjCBfPCzC@pAEfCBtCAbCDlICrF@vECtEDxFIj@HxC@dFAnGB|DAd@GRMHiA@c@La@VSRQTUb@Ut@Ix@?j@D~BAh@Gh@Kj@Od@Ub@a@h@[\_@ToBr@gHjB{@Ho@DsE?}@BmACaHFW@aARy@Ck@Jg@DkAA{@Jk@@mGAaBMyAHoAIU@m@Lc@@kAIuBk@o@KI@MLEK?Q@mECwNBgDEcD?wG?cGBaCCy@@eHEwE@oFBuCCuD@{CG}GD}LKqFCcFE{BDiEA_D@oBGsDAmJCgAAqM@cFCqC?yD@_JAaE?{ECkDAmDDqKGcFCqKDgCAgBBmBFOLEd@BfACrA?~HF`C?nAHv@R`Ab@v@Ll@DtACjDJ`C@~ECvILnBGz@Fx@LzBx@rAb@b@Fh@BzDCt@DdEE`@ERMFIHY@a@KwIH_FGsLB{A?}BFkC?gFEmF?wCEkB?uJEsEEy@AeF@iWIkGDuFCkA@sCGaNB}HCyWC_@@cEEsDDiDGyE?uBC_C@w@BUA_HBm@HOFCRC|BFnHEfA@h@B~BKn@BHDDHF|@Al@Bp@?|@Fr@GjA
12311381988,gzwbFfgmgVYAGGAGG_D?aCAGGGOC{CDc@Em@DgDAcEBaBDi@COIEGEU?]?_JDg@EuG@yHEmC?kD@uH@UHa@CAq@@eALsAAQEGEEIEYBgC@a@DQJMPIn@CLCFIDUHE
12311382025,_uacFbuzfVQRYNWHk@JYBk@KY?yCf@MGW{@GEE?QJk@f@a@b@]v@AT@HR`@vBnC`@l@r@rAbDbH~AfCb@h@ZXrHjGv@r@t@x@j@v@z@vAj@r@zAtBtAdBfCdEn@~@`@d@ZXr@d@bA^d@F`ABv@Nr@BtC^\JPNNRlFhNf@xAbCvGPt@n@|AbBjEpApDn@vAPl@nA~CzIvUfDlJpCfHjCpHR~@j@hBtAnDtAlCtFbO~@vBfAlB|BjDjBvCzNbV`DrE`BxBvIfNtCxEbEdHhAdBn@lArArBj@t@CJBBp@t@fAtAhBjCPXVj@l@`AtGhJfCdEd@f@z@j@j@h@fChDfBjC`BdDz@zAbDtE~ErGlAnBx@~@|AvBfA`B^t@Zz@V|@RpADp@H|D?vDDlGArE?hICh@@h]Bp@D`@n@jCJjAHRLNRHXDpBA|EB~CGdHAdCDdGE^@HFDb@AzWD|]DrFC`NBrIDxD@rHB^L|@FpBFPFDRBv@Cl@@bAErFB`KGz@CN@LHBDFT?pCBdAG`AED]A
12293570695,y{wbFjhmgVBC?ICo@EaGAIGGYEkDK{AD{@EuAA_D?aBBi@COEKKEUG{C@kDE}C@mAAiEBoDGyLAiKGwF?{ACmCDyGEsIH}EG{CAiCQiBDcAKe@MQIEWAcAFoDLeM@_DFsGAc@Aq@ISKIKGQo@aDIq@Cq@C{MBeJEcPB}CEsCD_DAkGI{AOwAS_Ag@yAWe@q@kAsBuCy@wAuAiBcAoA_DuEcB}BsBaDiA_CqDqFsBoC[[aAu@iA{AwA}ByAkBiBoCkFsH{@sAe@}@w@cAWm@iBeCqEoHw@gAo@mAuDgGu@uAkFmIwAsByAmCcAoAqB_D{E}HuCoEyBsDoCcE{@uASg@Y_AgAmCi@cAs@yBu@{Aa@_B]o@Og@wAyCm@}AiBsFqAeD[_AiEwK{@gCkCwGoBeFiBqFgC{G_@iAy@oBuBcGg@kAe@sASq@[q@qBkFsBiFeAsCi@cBy@uBUe@SSSOm@Q}BUeAQkAK{ASk@Uo@i@wEqGsB_DMWgAuAgB{C}@mAu@u@cJ}HaAiAi@y@_AcByA_D{@aB_A{AsBuCU_@GQAGDMpAgARKB?HFTv@FJB@JAf@Qv@O`AIN?b@JZ?t@Ob@QLA
12293570755,sytbFd~ggVJB?XINODiF?eAEQMGQEoAEWMOWG_CBcBD_J?mBPiABSJGRCJ@xJHdE?vQBlBHfA|@jFHx@B`PAzBC~@FjFBpo@f@jKBvAJfAd@bLRtZB`ID`EBpHAv@KZMHS@{CYuCSuBEwCCgCBwCS}B]{Bk@sFqB{@We@YME_CeBiAaAaF_EwB_ByBoBuAeAuA_AiG}Ek@_@yAqA}DuCw@u@qB_B_@_@KS@KFMR_@JGHBRV\HBFAHIDEC
12293570597,c|wbFzhmgVFS?eDDmCBSFMLClKGl@ELGDG@c@EgB[{FGWGEOCe@CQCGEISAY@eDA_BIWOI?EDEFAbBBpB?T?XFPKf@G@ASaHGsCCiE@qHGqH?gTCoFBkIJiJ@wCGuABgREcL@WDENEj@?dAJRCFEBK@MG{FB]FWNKTC|QCxFEfHBbBChAOd@CjEAzBCrE@RDFDFTA|G@RJNFBT@~@CbDEdAEXIDMEgAC@CH?T
12242764947,sstbFb`ogV@EIKKBGLBjAIzAOHe@QqA}@eCsAkD_BmBo@uC}@kEcAwCc@_Fc@mCQiDKcDGeCBiCQuCi@eBa@aEyA_Ac@e@I_Ai@uB{AmAiAcFaEuB{A}@u@[_@?OPOJ?RLB?BIRsADq@?oALw@BoCGkAByACKGES?MB
12242764602,ovxbF|`igVINCt@Dx@?vBBn@H`@El@ZIh@G~CGhB?vAFrECjAFhAId@Bd@?xEEdCJhACtDBxICjDBzGGz@@hC?rBL|AErBF`AANDDDDTFdBCnCH`FBjJAlCHf^C~L@tDVpG^lDHZFHHDJBfACpAN`CC~KB~ACz@BxE?pEKl@?tA@LDFLB`@BpAApDHtKFdQFxDDbF@`JC`@KPGDSBgA?a@Da@Jk@X]XYZc@v@Op@Kv@DtCDNBFD@XB^Z
12242764562,aywbFjgmgV^EFMA}@FoA@eCCUKI[CoABeEAsFF{G?a@EQGMSAKGiT@mAB_AKcU@_EEcS@gDC{@?}E@eSGmD?}C@uBEc@M_@?u@I_@MQQKUAi@DOCI_@Aq@CGIA
12240262988,g}ybFz_`gVOAGAEK?SFEdAGPGLMHYBeBFOLGhM_@VBNPDLJx@LzDDnHNlFEtC@l@BVEb@?^RpJBvFLxCH`IJrADxA?nFMjAKZMVy@lAgCvCsIpK}FnHwEhGsB`CmA|As@dA_E`F_BlBOXUZcDjEuH`Jq@rAkAjBAb@FRZd@|AlAb@f@jE`G^l@bBhDl@bAvFdIpIlLjBnC`@z@^nARfAFj@@xBH~CC|HDxABbDC|B@~QA`E@dNDhADZb@fAPhAHJ|@t@bI?|DEtH?tABNBbGGd@@FFBZ?pBDhICtM?lLFxL@|GCvBBbECvB@bHAdCFbDBdGP`BF~B@DX@x@D~@?tHKtEEtBA|BDHBDFD^A|BGjCGJ_@@GJ
12231796330,c|wbFzhmgVBc@FmFDgAIUYEgA@}ACuD?{IHi@EMKCIIcJ@_BEsI@yGCwEBwFEmOC}A@_QEkD?uHC{AOuBAsBBOIo@GQQOICWEwDJaHF_D@o@CgDHyCEcBDs@AcAKQIKOGYKkAYgBGmA?wXE{DByAA{HEcDHwJEgDK_BQuAOq@_@qA]s@}@uAuCyDUc@kGyI]i@GU?IDSV_@tAwAt@_A`AaAvBuChByBLID?LDpA~At@fAzAlBpAnB`B~BFBMWgCaD}AuBiBqCw@gACWH]n@w@`@m@TSAYGUu@_A{B_DaA{Aq@aAs@mAiBwBcBaCoB}CGOCSDQzB_DxAgBtDaFdAoAvCaEdBuBnBgCtA_BNWbByBzBqCr@aAxAgBz@mA~C}Dl@aAHWD[?kAKcDG{EEk@AkBSsH?aCU}M@kBLmBDmCMkDE_C?cDEw@QiAMsCIc@QSYQuAUe@Ka@S_Ao@w@Yc@Ie@?aBH_@FYLELCTJ`HAPKJw@LYLENBh@
12101967785,yyrbF|{pgVAc@CK_@NiAzA[\IDKAsBmCiD{DoAaBmDuD_AkAqByB{B{CeBmBkCeD}DeEiCeCyBiBsAeAaBiAcDqBqCyAoAk@mCcA_Bi@yC{@sAYaBWk@Mq@K_BQyF_@kEOwCCoB@eBIq@GuCc@qBi@aDmA{@[e@IaAg@kCmBgAaA_D}BiCyB}@q@yAsAAQDILKF?ZPJAHMDQ@eAFcAFq@Nw@B[BaAA_AIiACsAEGGC_@BEB
12101905416,k|wbFnhmgVBOL{CH{CAUIIOAaD@IDILE`@?`EC~HFzEFj@HZNVRPtCfCdBrAl@l@tIxGfAv@~@j@rCtAzDvA`B`@rCb@xBThAH`D?pEFdEVfEb@XHtC\lCd@|A`@|Ad@bCz@hCfAzAr@nBhAjAt@fDbC`E~C~BvBfBlBbQtS|C|DdBjB`E`FxBhCJNBRKxAELEACE@UC?
12031925170,ojacFxbbgVAEDKF?FBt@pB@@HALD\l@`@rA`C`Ht@fBhAzCFHD@JAHETWTb@tAhDXpAFJHHA?@^Vl@\xAL?HDB\BPZz@PXJNNDF?LG^_@n@c@n@m@fAm@pEuC|@g@x@m@~AoA`HsGlQ}LtAgApAy@dAu@nCeBd@a@f@w@TUj@Od@GVAv@Fp@A`@Ex@ShAg@`A]`AMxAc@lAOv@Q`A]D?JFjExGtBpDbA|AdAlBd@n@h@`Av@hAvAfBjCtDfAbBjDzFzA~BbDjFz@`BnDdGvBxC\r@J^T`@~C|DtCdE|A`ChDxEb@r@dBdDh@f@bAr@`@^b@f@vBrC|A|BxBjEj@`ApIjL|A`CnAzAf@z@lCvDXd@Tf@`@hATrAHbAH`DAjJBjC@|UAtN?jIJ|ALd@Tj@HVBXCBN|@JRHDJDXBzBE~FBhCGNClG?dBDxAEdEA\BHJBT?lCDpB?dACvF@fAAvHDjFAjFDfG?lD@hDArC@vACnF?`DFd@AlC@pJBzBNnABZAzANf@RJP@z@At@I`CCnH?bBCdC@t@?\BJHH\AlFALGHGBS?GD?B
12031923362,kywbFrgmgVb@GFOF{C@qACy@EMUAq@DeD@eFEaKHUASGKMCK@yLC{HDk@?i@KkKBgKEcC@uIC{]EcDIeAGwA@gDG[MQIEIEWCmDJuDFaF?eGHeCAsABwCQ]IMQQsAWsAKgAA[BsTCkPEsI@wNAiACk@QwASu@e@wAe@iAe@w@_DmEQk@aFwG}GkJe@}@}@mBq@mA_F}Ge@c@cAu@]_@S_@k@u@s@oAsC{D_IiLeAgB_AqAI_@IM{CaEuC_FkBeDwCsEaLsQyAeCKU{@cAyAuBcAeBgKmP]o@CM~@{Av@}@DMACCCKAs@Ja@J_@Ro@r@_@VUJw@VgAp@_@PyAZk@PwA|@_@Ns@LeA@o@H{Bt@y@j@g@v@YVqBlAmBrAoAv@iFxDqAx@oI`Ge@`@}DxD}AtAwAfAgAt@_Af@o@d@gAn@kCbBWRc@b@mAx@IBMCSUg@sAIa@H[]AKKIs@IQWUEI@]ESYo@]yAm@kBCKIAII}@kBs@qBqCgH}@uCKCGE[[e@s@e@cAMOMKEAMD{@v@YRI?AG
12031923315,wywbF`gmgVHBd@AFOHeCAeCEWMKSAwDFsA?MBMPE`@CtI?fDBxB?fBDb@HXNTPP|JzHZ`@j@^fEfDvClB~BjAhBp@hBl@rCl@rC^`BJtIHtG\hAJ~Fv@tDr@hAV`F`BfBr@jDdBvBnAj@^~I|GhCdCnD|DvInK|ExFfBxB~E~FzDzE|@lAfK|L^^zBvCtCdD|AzA`KrKrBtBnAjAvA|A~EbFrNjNzGjH|AfBnDlDfEpElAjArFfFf@j@rAvBVb@Vp@r@nAfCvDd@j@j@j@\XfBpAbA`Al@r@zExGvAbBd@n@vBjDrAdCtC~E`AjB~@nBjAvBrBrDn@`Aj@hAV^vArApAbAlFhEtL~Lp@`AnCdFnFzIvGbLr@`AtAbCVv@Rt@|@hJH^P^T\XVbAr@x@f@XV|E|FdAvAlBxBT^JVDXj@|Dr@hGFTBBDABEASWeA]kDo@kEKk@IYWc@{AmBQ[cGkHq@o@wA}@{@{@c@m@]{Bm@cGS_AY}@u@sA_K{PwAmC}D}GmAiBe@y@c@k@}D{DuC}CeB_B_F_EsAeA}@{@e@k@q@iA}AyCmC_FgAgCgFmKmAyB_AoAo@s@aAyA}G_JqAkAqBaBgBiBg@s@o@gAwB{E}AaCQQyAgAy@u@qKwKq@m@qI_JmJkJkDoDmJqJ}FgGoB}BmBiB}@aAU]mBkBmGmHkAiAe@q@}@gAuAiBaGeHkDkE}F{GoCyCkQcTsCcDsEmEg@a@kFsDOSs@_@{AgAwBmAeB{@_C{@iF}AuBe@mDg@_AMmFc@cESwEGuA@uACwBOuB[}A_@}@YSSICiA[oBs@i@M}B{AuAeAq@o@}I{GaG_FY[MWIi@?{BGwOBc@FOFEREdACdABhBAPBFDHNBRA~FENIB[?EB?B
12031923007,cstbFj`ogVGQEAM?EF?bAE|@Gl@UBc@Uo@e@oEeC}@c@yBw@yDkAeFkAqDi@cHm@iCOsIAgGm@a@GkBe@g@U{Bm@yBw@_Am@w@c@aAq@gG_Fo@o@oByAsAiAYYCQLSHA\LLIBKTmBDwBDi@EoABkAI}@?u@CQKO
12031923010,wxwbFrgmgVTEFQB}AFg@@q@@uA?OGKMIUAiBDoD@I@IVCn@BfODfEHl@JZFJZVzEpDfA~@`At@f@h@nFfEtBpA`@ZtCpAhCbApE`AnC`@zBL`E@rDFjFXv@H~Fv@nB`@`ANvA\jCx@fDpAfBz@bB|@jBhAb@`@HDNe@LoADk@B{A@QFGH?h@`@C?
12031922962,omzbFdt}fVO^BBPDTXl@dAp@xAhBhEFT?RHTx@tAXn@r@nBv@xChAnCz@`Br@jA|ArCbBdE^x@~EnHXl@Tz@Fn@?`@DnCRxEP|GCdBHtD@|CC\R`IHbF?nBN`FDbENvDFrFCx@Ot@c@v@aFdGgAxA_E|E}ApBeDbEyBvCcCxCwC~D{BjCkCnDwCnDe@r@{@bAyAvBsBnCwA`BkB`CaBfCCXATDTNTRPfAr@r@v@~DzFp@lAr@|A~@`BdBbC`C|CnAjB~CnEHLx@dAdCpD`A~AZx@Rt@^xBNdEBdGFxEEjGAng@BdAFn@H^Zz@F`@BdAJNHB`@FfEIhCBjDCtB@jEE|BD|FCXBFFBXAhCDjC?vEGvH@vFDdECzDDtFCbFDlC@zGCdFHfPClCBv@VhC@rABVJPFDTB`DIxCBnEGNBB@?DVD~@MnC?v@Gb@@RLHV?rB@h@GhA@^AFCDc@CEF
12031922871,_ytbFdsvfVMXG\FVANFT@LKF]JIJCF?VFt@Bj@ClAE|@q@~Fm@jESnC@tAFfAHh@b@vAZx@@L`@dAzErH|ApCdBrC`BxCvBjDpAbCpElHtAtBvAhCt@lAbBbCd@j@lAnA`BvAhExC`@`@b@\v@d@r@TZT~A~Ar@z@t@pAJZ?JVCROHMPy@Tk@@SCcACQOa@AMDK`@WFKBSG]
12031922870,qurbFvgzfVAZELMFa@H}@ZWTGR?JFT|@lAR^@JAHGHG@QKa@o@g@s@oA{A}@o@yA{@y@s@cAm@_BgA}BeBmBiBmCgDuBeDk@eAo@sAsEyH{P{YyA{BuAcCy@qB[_ASsAA{@@m@F}@rA{KZ_DB_COeD?u@BWFU
11996737696,_|wbFlhmgVDaBAaFCQGGQES?cADg@?WCMEWAu@DkBB{H@k@ESEOOEMC]AsAD_JEuG?WFU?GKaM@qJCwC?oKE}LA_VF{ECG@kAKG_@Jo@FiFPm@AyDFaF?aBFaJCsAMQIEGIWI}@YyAM_BDaLC_M@iAB_@EoA@yVEuIImASwAk@oBg@mAYe@yOyToCmDw@sAmAmCw@sA{@oA}CcEe@c@q@g@QQQWCQBOJQr@}@j@y@zAkBdAyAbBoBjH_JpEeGhDeEvBwCrEaGnEoFpBiCdBcCbC{CtCwDpA{Ad@w@Pa@B_@?y@Q_DGoFWyJEaHUwK@wAHkAF_C@qCG_GKeDGm@Ms@QwCSc@YUUE_AIo@Qa@QiAu@a@OWGc@EaDAOAECKOgA_Dc@aAq@eB}AuEg@mBC[B[Na@Tc@X]ZW`A[LKVY\MEQCEC?_@Xc@JO@DIf@k@X_@n@oAZeAX{Bd@qAVe@x@{@b@u@RMZEADo@`AO^APFZ\x@RhALVJDD?NCVMTARG`@[b@g@
11996737577,ckacFlcbgVRQRGL@JLr@nBj@nAf@bBtAtDnCbHHVANLBj@m@RZ`AdCV|@R~@DHJFATBFP\ZZDJFl@DFLBFFBl@Z|@Rb@LHN@JERQdAs@d@e@p@a@pBsAt@_@|@o@fAo@dAs@lAaAxHiHjFoDlBuApAy@nF}DlD_CxBqAVYd@s@RQ`@WRK\E\?|AJ^?TCt@SpB}@RG|AYfA[xAUj@Ov@[H?HHhLhRvBnD`DrEhBbCjFfI`GtJx@zAxA~BtCbFd@r@tAfClAzA~N~Sl@`A|AjCp@r@v@f@l@f@fE~Fr@jA|A~Cr@hAtCdE`F|GnAlBl@t@nCzDt@jAr@xA`@tARbABZ@nAJ~BApHDtD@lDEtIBzJE`JB~GBt@H|@DRTb@J\NxAFRDHRL`@DvCCjCDfEI|@@|FCbABvE@jBCL@HHB^H`QAlJBvEAtDBhIA~DB~K?vJC`A@zCHjEAdGDh@L`A@rBJHRBpDIrE@nCEVD`@@bBG`D@\BLFDFBR?rBBh@AbBEPg@FKH
11996737489,kywbFdgmgVPBNAFI@KAy@FcBCmAAQEOEEQG_@GwBEoD?kBAcD?gDFo@?WASEGEIQAWC}SBuC?}DGkE?oHG{DB{E?aEEkA?iBB_GEqI@yHEkAOiA?yDEm@COSSUEK?wAHwCJWBwMDoBFcBCqDBe@Ay@IKCOMIWMiAWwAIy@Ak@CgCBmREoG@wBMoNDkIAwDIkAM{@WeA]aA_@{@[o@}@iAeBkCMQ[k@sFoHwDqFaBgCkAiCg@y@wFwH[Y_Ao@sAaBaBqC_HsJ}AeC}AyBk@aAo@y@Ww@iBgCuAyBu@qAg@u@yAaCmBoDyD_GoJiOkBeCkMuSuBeDEAYJYV]N{B\iA^sAVmBz@g@Nk@Ho@D[AmAKc@?WB[L_@^_AfAWTkAr@GFENY@s@`@mD`C{ElDoAv@eIxFaHvGuCxB}EvCoBrAq@\k@n@sAz@MAMK[q@[_A?MD[[EGEEg@G@@DUc@Ok@Mw@Q_@SaA]gAm@yAeAcB}@gCeAeCiA{C}@mCQ]u@{@e@cAQWMEK@KHCHBH
11974060254,exwbFlgmgVDMCQADBlBLfB@nAIv@O|@IbAAj@JdAADGJSDKCQKIKEOCo@Fu@?c@SeAEi@GqN@aB@EHEt@?ZBNJDHBXA~@Bd@FPNHzCApBIf@@RGHOBe@AaC@kCCoAQuDGUMOQGUAsDFyHIeA@ODMLGVMjCApFHRJH\Bh@AdD?^BRFLNDX@pA@VHPPFdHBRCFEDIFWFqBAuDIc@EGQIYA{@B}AEwA?yC@i@BOFKRCV?~ACTCFGDQD}@Be@COEEGISCe@CsB@kAHaCFQHMXEfEEz@EtABjDG|@BJDBFJX`@tGDdA?~ACvAERINMH[DiCJ}BBUEIMAICo@@_A@QHKXGl@@|DEj@CVGBEFQ@u@IiDOqCGWKOSIs@GMICIAU?iCCkBAWGSEEOE{FKuFCc@BA@@@VEh@Az@BlAAhB@bAFjCHXDJLDRDtDA~@BXDHPH|@LLJBHPhBVrF?pBApAE^KLYFmBJiA@sBJKJITG~@?Z
11910559428,mywbFtgmgVHIZEFSAo@DmCCiAGUOIIAiC?}BDOBGDEHEXAn@@vIFbJHj@LVZ\bFxDrAjAlAbAVV`F~DzCnBvCxAxDtAjAX~@PnC\rBNnKL|G`@bBT`@Np@DdBVbDl@hCr@zBr@nCbAfD~AjDzBzCxBhA`AjBvAhAbAnBnBlAtAfVnYDFAB
11851256801,ikacFzcbgVLGZ_@JAHDFN\pA@FADZV^d@j@fANf@|@`D~A`Ez@fCZfAdC`Gx@~Ct@jBRt@Hf@Bf@CZIX]^u@j@qCfCKP[WE]@InB_Bf@g@`@e@|@sAf@e@p@e@hBw@rFoDzDaCpB_B~BsB`D}Ch@c@bFiDlGqE`Ak@vAgAbEqChBeAXWb@u@LKhB[~B?TAjA]bBw@n@QjASbAa@hBWzAk@D@RPdPxWd@l@~BhDlBjCnLbRn@dAp@pAzDzGz@vAr@`AVh@r@pAdApAfBbCdBhCpAdBlC~DlAbB|@vAjAvBh@j@~@n@v@r@jAfBnBfC|@vAnAhCf@z@hL`Pv@jAZf@dB~BvArBd@x@j@xAT~@NxATnED|HFtCIhI?rGB~HE~K@bFDx@Ff@`@~@L~@Dr@Hl@JJFBT@`DGxABtA?tCErAB~FEvABVDl@AlB?tAAd@EL@BDDP@ZJjMAxDB~I?|JDzIAfACx@FpDEzI@xBEn@Fj@?hFFnH?fDBj@NvA@`CTRz@IvFKdF?f@BhDEz@BdA?NFFFFVDrFAJIHe@F
11851256848,aywbFrgmgVXMFS?mAFqA?cBEUMKUAy@@m@CuBBeACsOF_@EOKCKC[AeDBmFCeGAcKEaHBkGCeBE{Q@_GAmQCaAQmBAoEE]EKQSKEYCoDHwEBgJBgBBsGAyAMSKEIQmA_@iBIqA?e]C_B?aWCsIG_AK{@e@cBc@oAUg@Ye@iG}I_GgIcDkEy@yAcAyBoCiE_CaD_@]aAs@qAaBqAyBwL_QuAyBw@eASk@u@aAuDoF}AyCsBkD}@qBmAsByHsLaDqEMSQe@y@_A{@qAgNuTOQSKSGO@g@X]LsBZe@Jq@XuAR{B~@k@Pa@Fe@@{BOg@DUJ_@VYZa@n@YXiBfAqExCgE|C}LpI}DtDcDrCkBtAiEjCwA`A{@d@k@j@qA|@KDKCMKQ]c@sA?MBSIIQEEGIWMeAU_@_@w@oAwEOKu@gASa@mAiDeCqGi@iBCS[g@m@s@c@y@WYMKO?EBGJ?R
11851256720,artbFh`ogVCKa@GS@WNDz@ErBA@UBYMeDyBmAq@_Ac@{D{AsBq@wCw@yCg@eAOM?_@Ke@AwBUaCS_DOcEGkA@mBAoCS_Di@mAa@WMaBg@wAi@o@QyA}@cCkBg@c@eCoByAoA_CeBiBaBAE?MDIHGNA\JDAFI@Q?aCToBD_DKwCEKCAM?KBEA
11851256703,}xwbF~fmgVPAFI@}@J_A@wBGk@CEKEQAmADoDBQ@QJKVAZB~DCxL@h@H`AH^LT\XjCxBtB|A^\fAx@lBdB`DbChBpAlDnBlE|ArBh@hBXhBPjBJjGBlGV~ALxBXl@ApCf@vCn@jCr@dBh@|ClAlCpAvEpCFAVy@HiB?yABQHGH@\\HB
11851256717,{q~bFdwfgVHP?R_@hAMn@C\BPHTj@x@NZXxAj@~A`@~ApAnGZ~@fAhEl@nBf@nBP~@b@tAdDvMpBhHb@pAJPPHJ?VGvB_AlG{C`IqD`CcARELBJPXpA~BxI~@zDnBlHr@pCNz@Tj@f@jBtAzFTt@Xb@jCnBfAz@n@j@vAtAp@j@~I`H`JlH`DdC~GvFxB~AzFvEvJpHvCdCnDlCnC~BrAdA~B~AfLrJfAt@hAh@lBxA`@BLKHQDUCwADmAHc@LKbIAxCEtA@nBCdD?P@NFHRBXA|BGtBEH[HCD
11851256672,_|wbFnhmgVHYBeA?oFMIq@MoCHITAVCrI@bCCbDG\GHKBK?WIcBoAoKqI@QYYyBaBaA}@kHaG{AgAuAkAcCeBm@k@qEgD{CcCiAy@_@]Y[gBqA}CaCoByAkKmI_DqBo@i@ICU?[PgDvESTa@Te@LcBZsALsATiAZoEjB_MzEm@VqAz@a@PQA]NOLSJeE|AWHY@gFAuB@oBAYAi@BaA@}HAiRBo@EeA?m@EeAFcABoEByHC_GDmF?kCDSFQPK^C`@CtMCjAKpA@jDe@~EEbBApCI~AQlAQz@aArD{CfKIJOb@Or@C^Fn@f@jBdB|HhAlFnBbIvClMJf@?VINYPcDnAgJzDgA`@w@RsBx@oClA_E|AqClAaC`AuErBo@^INEXCj@AxG@bDEtGClBB~LEjBJvI@tKJ|NAtCI|@MVSLyADiANq@PgAd@cAn@iAbAm@t@g@x@_@t@Uj@Sl@_@xAUlAGp@K`BCbA@hHBrBGjAAlAB~CAl@KnAYhBIz@AzBFb@MjDQnA_@nBWx@g@bAy@fAqBpBaAbBg@lAUv@O|@m@xEe@tCOh@m@zAOj@SpBY~BKlAKl@Oh@c@~@g@j@]XiDvB_@Zy@fAk@jAs@hB_CtJg@pBWv@s@zDu@tCiAfFe@dAcBtC[v@]dBa@nAQr@_@pBo@tCi@dBaC`JcBxHmBzHgA`FeDlNOb@o@pCgBnIaCfKiElR}E|SwArGaBzGaDlNmA~E{@|D]tA{AfF{ArF_AbDs@pBgBnGUbBOxCUxA_AzCqAvDeAnDoCtKiBdGIJKA][SYAB
11818363267,wf{bFhk~fVgAx@g@d@KNCJBVl@vBx@~BzArDPTHDP?^MFAFBDFBTHbAFtBBT~@zCnBrFf@nALLNDhCI|BA|AGPBJZ@p@AlADhDDXLRJBZ@~AQr@EdBE|ABvAEz@GPILSBO@_@CyABSNGpKU|@@RFFHDHD^RvGBnDBdA?|BF|CAnA@~@JzD?lAHnBFbILbEDhCR~GD|FCl@Kj@MXY`@c@j@kArAuKvNi@b@gBzB{@lAmMnPaDdEcDxDaEhFiHvJsAnBcAlAGr@@JJTRRfAx@f@d@|ChErArB|AbD~@zA|GlJ~BfDl@bAt@~@tCzDd@z@Rf@p@zBHj@Fl@D|AH~A?xCFdIC`E@|HAZET?RB~B@tQAvFJrBJb@\~@F^Bt@BLJJPJ`@HbDErE?dBCl@Bp@?bCGrFBnFCV@JFDZ@tCDzCCfTBhEAlGBdKFvEClRHlJ?xDBzAPvBB~ABTHPFDTB`BEhAGhH@`ACZ@fGG\@PFDFHPBT?jDCr@?\EJe@BCF
11818363225,_|wbFvhmgVFG@QCeHCOKKOC]CcIKcJDUEICGGIYCmVDs@KsMAuQ@yGEcO?iLCaCMaCCaB@oBE]ISQOIEYCqFPWGuCH{G?yCH}ACaE?mAMSIIIIYKaA[{AG]Cs@@iY@aBDu@EsACkFCwXGsAW_BYgA_@gA]w@a@o@eDsEy@sA}D{FuG_Jo@mA{@kBcAcBeEuFg@i@iA_AS]AWJWzDwEbCaDdHwIvC_EfJkL~@qA~AqBl@{@hCyCnCoDdDuErJwLb@o@LYJ[Do@AcAO}CEgFQcFI_ECoDOiM?cALcCDuA?yCQcIEcAKyAG}B?i@SeCOo@Q[aAuA_CwDq@{@UQOA]FwDtAgAXo@JGAEEa@}@wFgPWg@i@{@M[yB}HSe@sBdBeCzAo@Zy@F[VWFOJwB|Aa@VQBEAGGuAsC
11787008107,sywbFhgmgVDDLER?HCBKDeC?gCAMCGOIa@CmB?u@DsACSDMTCVArJFbH?`ADl@FVLV\Z|ErDxApAz@n@bA~@`EbDlCfBrBdAzEjBtAZz@P`D`@dBNhABlD?zBDzDRpCTlGz@zCh@fDz@dFnBfClA`Ah@hBfAv@l@bDzBdBvA~@n@bD|CdDvD`M|NfB|BjBtBnCjD|FbHj@|@jGjHdD~DX^HHD?NOd@}@zE}G|DyG~KwPlA}Bx@kBf@_BZiA`@yBLkAL_BH}A@_COmPG_DCaFIgDKeISuLYsTC_AKiBk@wDK{A]uTQkHIeSEmt@E_B?{DB{BLy@\s@t@aAXa@Pg@Jk@B}@EuG@eBFiAVyAD_@Ci@?eAKY_@YoAq@s@k@UGE?c@Pc@d@aA|AKXG\EjA@vCGfEFrMFj@Lh@LXjA`BJXH\F~@EhBETCFOJWBkACiF?mDB{C?oNB{D?}@C{DDqG?oB@{@AuA@}@CuC?oBFwAA_DBkACcDB}CJgBA}KDoFAeFB{A?}HB}BAiAEgD?sABgLD}CFgEAc@GAC?EGXA\AfHFvDDhI?`LFbWCxDFjMHjDCHG@g@U[C{BLmACI@ADBJRZBR?~EDv@FJD@x@BPFJNDXTpGFfECjACPILYH{DAuBFGDEHA~ACNGDm@@
11787008026,ks~bFt{fgVE\@TN`@z@z@LT@PEXD`@Rj@`@`APh@n@`Ct@jDnBfH`@rAzGzWzArFh@xALTRJVAvB{@`CcApImE`EoBhAe@PAFBDDHT`DlMjB~GjAtEb@nBBZt@|B|BvILVPTfCfBpBdBxBpBnDnCh@h@dAv@hA~@xLpJdCtBfBrAdBxAnEhD|ApAxHbGjOvLxBjBpHrFtDdDnDlC~A`A~BjBF@`@GFEHWFg@AwB@g@DUDGLI`@CdDDhECpB@\FbAGzEET@NHJNBXAfCCd@CjAAHED_@BED
11787007991,}xwbF`gmgV\AFM@{AFiA?_BAQGOOIWAkFFc@DOHEFEXDfEApC@|CEzBEZCHOLS@SK_IsGkDmCg@c@iDsCwEqDuAmAkCsB{DqC_@_@yEqDkCwBiAy@yAmAgEaDuHeGaKaImI{GeJ_HeDqCgFaESSYc@c@aA}F{TCORMAMGM[]Sc@iHqXm@cBq@eCIQMOIEK?WHcAh@}MnGkAh@wAd@mHnDSFG?QGGIMYg@wB}CuLm@mCq@kCG_@{@qCuBeIYsA}CsLMk@Ey@Ka@KWOUy@q@e@k@Dk@@AB?
11787007892,gmrbFbeqgVCAj@q@E^?RHRl@x@BPAPOZgClDQPIDI?IAIESS}@mAw@}@i@y@sGeIoFmGcAgAkAwAyH{ImDmEuA}AiEgF{@_AkFcFkDmCu@i@aBcAk@a@_@Si@Wo@a@cB}@y@_@{CgAyBq@_Bc@{@Qm@Gs@SaDg@uGi@}BKsBGyGEeBGoAMgBY}Bm@qEaBw@Uo@]cDaC_Aw@eDiC_@]_BkAiBwA_@]IMAE@MNOPAZJHC@GBQ@uDNy@J{@@yACkA?{AEMGE_@@EB
11787007893,iywbFjgmgVFIXIBODmAF{@A_CEOMGSAiA@gC?}@@OFKREX@jA?zDC|A@jGC`A@JBHBh@Fb@LV\\rDtCjA`A\^tAdAp@n@`Ap@fDlClCdB^TpAj@rAd@z@^fA^|@R`BZxBXvALxAFlE?|BFhCJpCRxFv@xEz@bCp@vBt@tBz@`DxAxAx@bC|AlBfA~@t@vAtAr@h@|@x@|@x@vAzAzBdC|K|M|HpJfDzD`D|Dz@jAvIhKl@v@JVFDHAHIVk@@OC_@@M
11787007833,gs~bFh{fgVFZI`@DRFLh@h@b@~@VpAvCdLNx@dAbEl@pBx@lD\`ApB|H~@|DpBpH\z@Tx@NFNBPElFaCtBgAlLgFtAk@FAHBJPl@hCPz@d@`BrD`OrB|HZ`Aj@`CnAzETv@X^jElDjExDlBxA`@TpAfA|FlEnJzH`BvAjBxAtCvBrDzC~NnLPLVJj@b@|IlHjAz@bBtAlAx@tErDz@v@pDtCr@f@bAb@hBrAHBRGLOBKBqAAqA@k@LWTIrBAzABpH@\Df@CjBBfCGVBHDFHBH?hDIfBCBID]B
11787007905,mywbFrgmgVf@SDOBy@HeAAwBAUEQQMWAgGHODIRCj@BlABxJG|CGXONI@K?UKaA{@oDoCs@m@qBwAoQaOyAeAu@q@mB{AiAu@KQKK}EiDsC}BcBoAq@o@oCoBoDsCcAq@wCeCoJsHgB_BwByAoFkEyGcFkAiAsGgFm@{@]y@oByHmAaE[{As@uC{@}C}G{Wi@wAe@cBOOOCa@L}StJm@NyGdD_@NQ@ICGGKWu@iDgA}Dm@eCyBwIKq@Wo@a@{AqBuHe@{Bc@wAkBgHs@kDEMOW{@u@U]EM@MBWBC@?
11787007791,_rtbFd_ogVIFg@CKDCDCpBMfACHQEa@W_CaBaCsAaAe@eCcAuDcA{Bk@}F_AsFc@{DU{AEaDAqBBkCOiCa@iBc@qHgCiBgA{@m@cB{A_CgBmEkDoBcBAK@EJQJEH?RJJ@HCBGDY@oAD_ANuADeB?uAEw@?gAAMGEg@@
11787007802,aywbFlgmgVNCP@BI?}ADcA?eBE[i@UM?}BA}BDODMTCVAh@@fNBtAApAD`AL^T`@\XdJfHd@h@lFdE~AdA^Px@f@`Bv@nE|AlAZbEn@xCR`F@rBDfETrBNhGv@xA\zAVdBb@pC~@hCdAhD`B~DbC@?BILw@JiAB{B^ENHHB
11716616155,mofcFdxahVVw@ZOHM\kAFOHCD@b@\NBNEJQxBgIn@kBjC_JXaBNyBDCLyAZkBjA}DjAoDrA}ErCsJ\mAf@eC`GeWXwAj@uBjAgGrBeIhGkY|D_QZeAlAqFhAqExCaNzHy\pCoKz@yD~AgGdAaDnBqDTo@fCcLPo@Vm@pAwGh@cCz@iDVy@Zs@l@eAp@q@h@a@lDyBn@q@Te@Rg@Ni@pAgJ^sAd@oANk@~@oIPiARw@d@oAl@gAr@_A~AaBx@oAd@aA`@qAZeBJkAJiBA_C@mAHmAXiCDmA@yCEcOB{BFkALiA`@oBTw@f@kAj@gAXa@d@g@hA}@xAy@bA[|@Sl@Gl@EtACRKHQBk@QqS@}GGgKBmAEeB?_CIsHEwIA{QBq@AmBCmNBmAJmAJ{@j@_CVs@Xq@dAcBt@y@jA{@pE}BlAi@\SZ[Va@Re@F]Fm@@m@AyC@wDLkP@g@CwCMkA{B_K]cCQuBE}@AkB?iBLiC`@aDf@mB~@sCfAoEz@uC\}AVq@LGF?PJz@t@`@V`@Lb@DnCEpC@l@AnAB~BCtJCx@AbG@fNAf@?j@HpAIbC@`CE`N@lGC~B@~BC|D?pC@b@Ax@SbBu@pAg@LCNBJAh@a@j@Y~AaA`TqIlA]|Dc@lA[^O^UZ[tC{DNKRA\RfCvB|I`HbAz@dIjGdEhDvFjElCzBjDbC`EdDzBnBzBbB|@^\R|AnALFPAPKFKBMB_@AgC@YHUFIPGVCz@BrG@zCE\@zGERBNHJR@VAdB?lACdAINa@D
11716616260,kywbFdgmgV@@JETADG@G?q@HwA?w@?aAG[MKUC{ADgCBe@BQDMPEZ@dMGnDEXONG@UCwCaCuB_Bs@o@kAy@gBuAa@g@}FyEsFgEaDiCwAcAiCuBeBoAqN{KcDmCiHqFuC_C{DeCm@g@GAQD[R{CdE[\UPWJe@JaBXwC\q@P_ThIy@`@aAn@o@Ze@JyB`AwBv@c@LW@gF@_KCsB@cEAqQB}@AiA?a@E_GF}JBu@As@BaEBmFAuBFUDSRKZCp@?zLE~BAdEG~@WnBI~@Cn@CpEInAQlAQz@mErO_@`AUdACZB^H\pAnFzA`HpHx[D\ATKPSN}Al@aMjFw@X_ATq@Vo@ZsAh@qRdIaB|@y@TGQ@Q[NCFCXAZ@hGGn@HhGCrCI~DB~BAhJHfC?`CDvPBlAF|IE~DEl@KVSPWDcABiANq@PcA`@QBKDcCzBaApAWd@]t@k@dBSz@QnAMpAEnA?pFDlE?rECnCG|@_@xBE^AjDKvDUlBUjAc@rAo@jAu@`AmAlAu@`Am@jA_@dAg@xBu@pFa@dCQr@a@x@Sv@aAtIKl@Qh@i@|@g@f@wDdCs@j@}@lAe@|@q@`CiA|EiAfF[dA_ApEmBhI[v@{@tAaAbBa@fAuCvMaClImCpLcBfHaElQm@tCOVMl@oDnP}Ht\cCxK_BtGkFtUuAxFqCfMkCbJ{AtF_AnCm@~Bo@nB_@vAQ|@O~@MpCg@fCqApE_AzCaDtKKLE@MAWGG?EBKR[jAINKBEBUr@
11701525928,w~qbFvmqgV?BORKJOFQBk@BeA?OBMHCHEX@lCEl@_AbAMDOE_CyCk@g@w@iAmBcCuAaBoBgC_CoCGKM[KO}GuHgD}Ce@g@kFqGiAaBaAoAoEsFqB_CsFqF{AqAmE}CUSsB_AaAw@o@_@cCiAmBw@cF_BiCo@yCi@q@IYK}Ik@aCIcEEuB@aAEmAI}Cg@wA]kE}Au@[e@K[QuA_AgHuFiAaAo@e@CEa@]w@k@aAw@W[AE@KLOHAPHLBHEBELsBF{ANaA?e@Bu@I{C?u@EKIEU@GF
11701525848,sywbFfgmgV^GDIRyCAsBGWMIUAe@?oEDQ@ODKPCJAh@?lEFnIA`CDt@F`@JTZ\`FzD`FfEjDlCnCjB~BnAtAh@pBl@n@XjAXhCb@lCXzAFxGF~DNfDVtDd@hAPrEx@n@PjDjArBx@dEpBfDtBnIjGpBhBzA|A`BhBfR~TvCtDjIzJdAvAhK`MHJAD^g@DM@MEm@
11701525871,cs~bFpzfgVIv@BZLZx@dAPb@zBjIbAfFzB|Hh@rBj@lCf@`Bn@jC`@tAlCjKhAnDXLN@REvAa@~@a@|FqCrB_A`FaC~Ao@PENBJPv@rCjBrH~AdGv@~BDTGX@HdAtDF`@Tl@pA`Fz@tCNd@V^~@l@dCjB`Ax@bB~A|CdCv@r@jAz@jDnC~@z@nJrHvAtAj@`@rCzBjBpA~G|FbGnEtErDjH~F`BpAJPJJpKnHhAbAr@v@\b@dAt@xAv@~@r@p@n@HB\?LKDIFi@?uBBw@FUPIjJ?dFEvFARBNHHR?XAt@@rAEbBEHED]A
11701525798,_kseFp|`jVBZBLR\PL`@a@pCkDjBgCpA{ArD}Ep@o@bB_C`@e@lAmBd@e@~AaCrBmCRa@tBwCpAcBZWPKD?LDTVrEzFjAdBFXJTd@f@pB`Cp@l@rB`Dn@tA
11692256098,_e|eFj_qjVQTBBN@JClByAdAo@hBo@rAQzX{AvDYD@FDNOHARFd@AbEa@rIk@xEUdh@yCxBOXKN?FFJBt@CpKy@dCKd@?vE[|@M|@Sr@Y|@i@h@c@RUJS?M[a@Qi@GII@CH@NL`@?DGAGI[w@EU?_@H]JOn@_@NWLcBh@sCNg@`@aAY{@CW?WDQp@uAxA_C^[t@]NQZo@lAcD`@g@ZSl@KbAG`@?b@FLANIROPUf@kALUfAcAV_@^}AHo@G_@]e@M]Nc@Hg@j@oG@s@CIEEJGLgAdAaSDmAIo@Bc@CSSi@cA{AOg@Ii@[gFaA{NMcCa@qF]{Fs@eKKaBS}CSqB]_CSaBGsBMsAQsD]eEq@cLUsCQcDG{AOgBQuDo@}HQaD[_E@EDDPGXs@pAcCz@uA|@eBf@w@HWDYAi@G_BUwDDW`@W\o@FSBYAOGWMWL@f@h@VPNFZBj@CX@LFPNLD~@CD@HRBT@At@IL@RFZ?r@KHEJQLMQkBy@cMGcB_@eFSmDQ}BCy@QiACIGE_@?eBRS?{BXm@BO?MGGUe@eIWqB[iDIwBQsC?i@_AwMW}Ea@}E]cFKwAEgB_@}Eg@}JKi@Go@{@{LEaA@q@DSdDaI~@wBb@y@dCcE|CuE~AwBdGoFjDuC|XaVxCeCpEkDrBgAx@m@d@c@X]tBoD\a@b@_@NKJALFJNdIdL`BhCNPB@HAXUbByB^a@
11692255609,}kweFddpjV@HCDi@h@u@j@s@b@y@\uATsBHgE\}@@c@DwBFaETiBPWEg@T_@F_BF{CDeGXuRlAuG`@c@D}CLyKr@qBJy@JKAGEG?I@YR_AHeDJ{Kn@uB?cEd@{@FkAPiA\i@T_Af@m@b@a@\UHMHE@QE
11692255655,afweFf_gjVbCl@~@h@XLRDr@?VJV^r@jCNTf@b@JZ?TK\[b@M\SPELCP@^LvBRnBIz@Qb@{AjCqClF[fAEh@?Zb@~GlAzPLlCVlD`@`HJjAXnFZpEPfB\~F^rCV~BdCh`@`AnNHdBVtDTpCHf@Zz@v@fAN\Jj@Cb@Df@WnEOjDw@jN[nCW~CKp@BPZl@FT@VEXk@jBKLsApAo@vAUXYPSFK?i@Ku@?u@NWHKHi@r@w@xBs@vAWVu@Z]Zq@dAaAnBOb@CV@VLv@?RG\]v@Kb@i@vCEnAQV]PQRKTAVD`@Nj@vAvCJJJDNAHK?GOQ
11692255382,ueqeF|c`jVAVKBOCe@?MBOZOt@QCOOyFqIsEkG_EaFk@e@OQcBwBe@q@_@s@Ww@Kq@IyAIWMIQEa@E}@?_ACuCQmV}@}@?_AFkANkAP{A^c@Pa@Vk@d@e@f@qDrEy@z@aAn@eDxAs@f@g@f@kEnFuG`Hq@l@aBpAa@`@gAz@oEhEqDbDiCtBwCjCuL~JkKbJeAdAiAzAwDzFaCxDm@`BqAvCkAvCi@|BZ`B\zETtBP~C?h@NvAXpFHfANt@NlC@|@VrCBnAFrANtB\`D?LCJAd@X|CJbCh@~GDf@Cf@VbCJj@F~@@bAR`CTjBHbBPx@PfD?d@CTEFWPcAVo@VqA\c@Pg@\s@r@oAx@m@ToATOHKLCTDhAMbD
11692255649,w{wbFdimgVFG@i@A_HE[KIQCyCLMHCHEV@|A@~JElCEZKTSDUEiTsPmBeBqEoDaBkAg@e@kA{@gAcA_Ao@iB}AqFcEsCwBg@g@eDcCsJ}HaAq@aDgCyDuCiAcA_JgH}I}GAA@AWUoBwAuBgB]_@[a@Wi@Qk@qE{Pu@aD_EqOa@uAcA}CcCsJMIME_@F_NhGaCjA{CpAeGtCUHMCM]i@cC_EwOkAsEw@mCm@eCy@}Ck@gC[eAs@iC}AqGA]Ig@Oa@OWSSm@a@S[EO@a@
11692255520,chhcFxfngVCgAOcBGSKWKgA_@mAGm@Cc@Dc@JUTSbF{DzB{AdASxA{@VK~Bg@vA_@pGaCfA]pNcFfA]d@K~@G|@@|@HzC`@fAJvHdAlATHDRXF?^GRKTCdFC~@FjATh@DbABtCNjDDd@AvDa@fEIl@CjAQh@Cd@Bn@HrBRnADlA?|@E`BDnD?hDYh@BlANhDL|EKzDBhBAZCx@Kh@Av@BfALrCEzGDxBIfCGfA?hACf@@x@HtABnDUzENjACxDDnCAr@CRERKPUJYjCuI~@sDd@_Bd@}BPa@PKH?FB|@|@`@Vb@Nr@DhIEdCDr@Cr@@xLGl@Ap@@|@CdB?bDB`BCnE@L@VHpAIp@ArB@tECxC@tACdB@lD?~EGxDDfAC~BB~CEXC`Be@bA_@bAk@vAm@fBaAn@UzHcDhFmBdAe@nBk@vDk@pA]~@o@lBaCn@{@JKNCVJtBfBrA~@bQdN`CfBv@t@~GnFnBdBj@b@d@h@bBfAv@d@bBlAlAdAp@d@p@n@fAz@^b@nBtAp@`@h@^nAfAd@BDANIJUDo@CeBBw@DULMTCr@BnDAtFKbAB~@CdABbCCT@PFJNBV?|CEx@?^CJED_@D
11692255238,ktacF|uzfVC@X_AFGZKFMCOUOCWIUOGSEoCFcBPaAPo@RcAh@mAdAm@r@KFK@SU_BkCy@}@k@u@gBiCKIQES@UFUNs@l@_CxBi@`@iCvBkK|IkBfBqHnG}BdCkCxCaCfCoD|D{HtIoCvCoGhFqCbCu@h@sKzIyH`GuE`E_@Vm@XmB`@qD^uACyABsOl@uC?mCHoI^mBUqAWuAa@q@KsCOg@G{@@iBGy@KOFGHa@|@{@pAQRa@Re@Fq@F_A@s@JOHEN@TBDD?
11692255267,s{wbFxhmgVA?FI@[?eDCiA@q@G]KGQC}@Hc@@yAGuABmDAaGF_@EOOCKCm@B{GC{L@wA?eDCsDC}K@eAEmVCo\Cg@McAAkAKi@MQGEKEYCqAFqIHoEBa@GqDLyGCe@A_AMSMKWOoAW{AIoA@a^E}SB_EA_HE_AWoBe@eBg@qAi@_AgDmEQi@qE}FcHwJq@kAqAuCs@iA{CeEo@w@]_@kA{@q@u@eDgFaFiHuFsI{@mAOYcCgDmAoBg@cAiAsBoEkHqMmSiAqBIQAQ}@_AmAgBmK{PsG{Jc@u@a@y@aBaEqBsFe@aAuA}D_B{CoA}C[}AOc@u@_Bm@cB]gAmIeT{G{Qi@eBgBqEKc@o@}AkFwNqBaF_GsOe@sAo@{A[[UOWIaDYYImBOkAOo@Wi@c@c@m@kBoCiAwAiAmBwAsBkCcEgA}Ao@q@{CgCwDcDs@u@]a@i@y@_@q@_BmDCSaAiBmBsCaBwBMSCO@MDKVOn@m@\QH@BDX`ABBJBtCu@R?f@NT@`@Ej@Kj@QFIBBCD
11615685496,wr{bFhv|fVPW?WBOp@{@PMTKTGV?d@PxBlB`Al@fA`Br@bBt@dCb@z@l@x@Vh@dAlC`A~ChApCNf@D~@nDrJl@zBXjATh@Xz@RlA^f@`@v@RNVDHJNb@h@lATn@R|@ZtBr@pBtAfDpAbDj@hA`@bAPbAJzBHj@HZNPJBVBlBSjHQ`@BHDLPFh@b@lKB|OFrBXhNFz@B|ADv@@zGLpDBxDBl@AH@hAMz@Oh@g@t@{EfG}@rA}BpCoFbHyQnUmBlCeEhF{ArBmAhB{DrEgChDYd@gAlAKT?NHPX^dAx@b@b@~ClEhAbBlB~DnApBrCzDx@`AlAnBxDhFn@x@jCtDZj@\~@n@|BHj@Bn@JlDBtAG`LDhD?tGF~DC~A?xWBhAFh@`@tANjBHLNHRDV?zD?tEBz@CfB@xFEdA@XBxEKlABLFBFDRBZ?pBBvD@nTD|I?rOBpCCtNDdEAbGDbBBhFL~AH`CDNHHVHvBGvNCbDEl@@^DNJFTFvDDZ@PCPEJi@\
11614805543,s_acFjqqfVP\`@jA^z@f@fBpBbFn@lBhBlEvAlEpA|CjDzJz@rB~@hC|@nB`BtEz@tB`AzCfChHbDjIl@lBL\n@nAh@dB\`AfAlCn@fBbA~BtB|G`BrErA`DjAzCj@fApAxCdGtPL\?HF`@Rl@r@hBj@jAfBtEzArDv@~BlAzCv@fChAbDvCdH`Mh\xJjX`@x@hAjDz@rBfA~CxAvDhD|Jv@`BnCfHjAbEXn@p@rBf@z@hAlDj@fAvEdM~@lB
11614805514,go{bFpulfVAAGHOXgA~Aw@v@i@Xg@DKAQOa@m@QKIAU@WHUN_HfGqAfAeClBcAbAuD|C{AtAmBvAo@n@sAdAaB~AgCxBsGfGaHfGaBzAkGfF}@x@yCfCwArAm@n@[b@{@v@eF|DqAhAqDlDuCfCcAp@i@b@_DxCeBxAcBzAiBlBqAdA{A`BcDhCeA|@_A|@}@dAmA~@iAr@eEfE_DdCoAtAiCtBo@n@E@EAIMc@kA
11614269893,et{bFjx|fVGWa@w@_@oAq@mB{@iBaBiEi@cBs@gBm@eB[k@uDoKk@mAi@aBaBeEsA_E_B{Dg@cA_B}DcAgD{AoD[}@]kAu@iB{AeEaAwCgByEQm@{AsDyFuOsAuDqBmGu@gBoAmDwEiLmAwDu@kBa@s@w@aC_AaC_DeJwAaDwAcEe@yAuDsJaAyCgC}GkB{Ea@w@Qk@uAkDYeAsA{DWaAgAkCaA_Bc@qAwBaG[o@Ma@Iq@iAmD}@iCwB{Fy@aC_AsB_@wAoAsCkEeLW]Mi@MYaA{CqAoD}BwFUu@u@aBW{@[s@N@JLHBRKxNiMnCiC|@s@lAuA\]tCaCbBmA|@w@jE}DjAqApBcBhBqA`AiAhCyBXa@h@WPMl@o@|DaDxAqAjAqAlBaBt@e@f@c@|B{BxB_BCEj@i@bAy@l@q@dA}@p@o@rMiLfCsBnF{EnAoAvCcCpCuBv@_AzAqAn@c@|CaCnAmAzCcCfBkBr@e@fFiELAF@PPN`@@PCh@FRRVNHH?VGJKFK@SAm@J[TQRA
11614269769,oyzbF`hdgVPFHKNM@FLFF?NKrCmDxAkBf@k@hEgGbBoBzDcFdAgAtAeBfIqK`FiGbAyAXs@Fo@@_AIwBGgDCkB@u@MiDMuFAwCUsL@oALoBD}AAmCWcICqBKuD@q@@@Ae@Q_BI]M[kGsJg@}@uBqF@MA@CK[s@a@eAa@yAa@c@yAuEqAmD]w@o@aAm@gAUk@]RwAnAmA~@c@RK?IEm@kAyAkC{CuG{@_Cy@oCy@aC{BwFQu@oAqCa@qAgAcC[c@KCM@qCzAe@R[Fg@R
11613467456,}axbF~wmgVUmAQa@oCmB{AoAaBmAm@m@s@e@q@o@g@k@KUE[IaNCmUEgH?sIIsr@A_@M}ACoA?iCGk@KQIGUIKAeBBg@B}@CcNHyCDcDCsB@gBMSMGIQmA]kBE_@Cq@@s]CsG?kHCoB@}JEkCI_AIk@[oA]cA[s@a@u@kD{ESc@cF{GyGoJy@{As@_Bg@}@u@gAoD{E]]eAu@SWGOAQL[z@iAz@wArA{A~AuBfGkHFO?MOa@
11606904907,kn{bFpv|fVZPV?d@K~Ao@VEL@DBXd@z@rBLj@j@fAtCvGdBpF|BjGFTBVvAbDjAxClBlFlArCfA|Cx@|Cz@hBp@|B`C`Gt@vBfApCVx@Hd@F~@FxBPF|@BjAAzEQzBG~F?n@Gn@Mt@[bAs@`FqEnGsFb@WVKdBa@p@Gz@AzCJlIPjHNfE@xAD|DP|@B`@A^I^QlE}D|@u@xC_B`@MTATHXZj@hAvAjD~AxE~BrGfAhDBZFV~AxDxBhGjTln@Lh@Bl@CdF@dDArABtELdBHh@Nh@Zp@V\fEvD^T~Bx@TLZX|A`Bb@j@\p@Px@VdBJfAb@fF?PAHGFI@o@?ETIDeALQAGIG]Y_CGCSDa@BGDCJRfDFvECf@F|ABvDJvD@`CDl@V`BFdACf@E^i@dBKl@Ef@CdSANA@M`@Af@B^BPBBl@DFBDY
11597406039,ultbF|zegVM@AERy@@KEyFG}BCyFB[GS?YHs@X}@\kBBmAE_AWkBM{CCoGCgB@e@IUMuHQkCDODAVDT?HBJVZfCDHB@pAM\_@LAXBFGHi@CcBw@gI[eA[o@iBqBs@g@iC_Ak@]eEwDYc@Ug@I[Ik@Gm@E_A?eCD{@Au@AkLC{@Mk@iBeFoBcGqDgK}AcEqEsMkDsJG[_FmN}BmGgBkEg@}@[_@YIQDcAbA_CjBgFvEi@\a@J}@@aCOqAS}@W[CqHS{BE{BKeCG{IM}@DaBNeA^mAz@sCjCgFdF]ZaAl@w@b@q@Ts@Ng@B}@@}CAe@Cg@Ic@Oc@UoAw@{@Ws@G}BBUASCGEMUc@_BiA{Cy@gCMY{@uBe@gB{@iBk@_B{@qBWy@e@qBa@qASUcFgNqB}E_AwCsD_KcCmG]eA
11597406002,o{wbFjhmgVDG?IE_E@{BAKIIYC{@AcBFKHCHGV?LBx@BzK?rBG|D?~HG~@Sx@]p@[^_@Xq@Tq@HeEAyAH]?YGM?ODGDEFCXFdO@rSAlDFpK?hXDhD?jM@n@AvAC^D`D?rC@lFAtE?fGBfAAdLDrCE`ABbGKvBApEHjF?|A@nAC~IHbFBzECp@ArEFzN?dIDzIEhJBh@CDCd@BpADpFCdM@~EBlCAjKEd@DnEA`B@pOA`@C`@ILQB_AAgIDkOAoHBkCE[GO?yDDyE?_BF_C@oCGkD@_BDiBBuBAaCEWCSMEIE]FeDMmKAuD?{LKyf@AsZCoAFgCGyNAsSEaIBcFIcMDmDAyMD}E?qJImDAyIEuJAwP@kFC_C@qACsJG{g@CsCOmA{@{DMy@g@sBwAkGk@iCCa@sCwL{@eEO}@[yAEa@g@qB_AmE[kAe@wAc@sB{@kDmDsPwAmGcAyEOoAG}@C_ADa@OcBOoDa@yMCcBC_@I_@]gAO[Yc@s@o@eBiAk@c@g@m@Wg@W{@aAwDc@uBoAoEoCyKUaA?Q@ITSrEyBtW{LjAc@zG}CVIXGhAI`DBfDErA@fBCjCFhFZ`CJbDE`MArFETBJHBHBV@|HE`J@jGHlAFj@FV\z@Dx@DXBJJNRHV@jDE`EBvCExDCvIDfDGL@HJBRBlMCpGFxNAjFCTGLKD[@GDCJ?PBFH?
11566363921,_e|bF~}cgVMJO\?J@FDB?S`@t@TTj@|@pAdBlAxApAlBhAzAbD`FtBrC~B~D\\jAx@f@d@dE|Fr@hAbAvBn@hAjEfGtDdFvDvFhBbCz@rAh@pA^xAPjAR`GE|VD`EAbKEpHB`ID~@Dl@f@~AJv@@b@@CNf@NNTFlCEdB@`AD|A@tFClCEvCBpBCvC@Z?JD@DBRA|B@tHEtHF`MEvFHfR@rHCpBFpSApBBn@N|AD~A?nA@BTHZBrDArDBxAAhC@pDK~@@b@BPHDHDXChCGr@?t@EJIFIBUA
11566363913,aywbFngmgVTSFODwADq@?{@C{@EMQIUA}@@uAAaAFuAGcBAgFFgDCWAUEIGIUCuB?wFCeI@qA?BBq@?cFIcH@oHC_E@eFE{G?iLEoCCgJJeGBi@c@D[AAm@KII?iABwBB}BH{IAgCB}C?sCJg@C_AKWIQSs@{DIaAAs@@_PCcHDiBCoA?iKIsFAsED_DCkBCs@OmAMk@k@kBSk@g@_AgDwEUi@yBmCoBuC{GiJa@s@aA{BiAoBiEwFi@g@_As@e@i@i@w@qA{BiAyAaCqDyAqBq@eAeCkDw@wAi@y@AIDMIMUWIC[d@IFGCYm@OOECM@EB?H
11559871695,srtbFp_ogVOGS?KDCFAfBIlACBa@G}CwB{A{@qAm@mDqAoBm@wEeAwEs@_Io@iEOcGAmBI{AMeBYqA]o@Sg@Ys@SyBw@_@I}@g@wAaAcCsBsIyGsAiASUCMNQTEZDHEBEBQ@kCFw@Lo@HeA@aBE_CISIC]DCD@B
11559871701,sywbFtgmgVp@MDM@IAkADeA@wBAOGMECSC_EBuAFQHKTC^AzLD`DAvBD`@Ld@NTTRz@j@pDxCTNPZNLnA|@h@f@|EnDdC`BlDhBlBx@|@ZjDn@vBZvBL~FDtCFpCLxALxC^`@JfBTpEv@jAX|Bt@bDjAtDfB~DfCDCP_@PcC@wABQBCHAn@f@
11551125388,ssneFlwcjV]D}G^aABo@EuGVaH^oBBe@?o@IMKCY@yFF_@@HLaDRkCFwAM}MM_DEa@Wu@e@}@GYAoBKgBCsBCWQY}@g@k@q@wGiJgEkFyIuLmBoC_AkAuG_J
11543638755,evneFjxcjVV@f@AnJ]bCS|AEdEUt@?LBHFDf@FzId@zRN~ELn@HtC?nADjDQTc@DkGV{Jh@sDLiEV{DDwIXy@JcGNqF\gBDsDVuA@e@E[?yAL_ABQGOIe@e@Yg@UWS]}CeEYg@Yu@Ye@}BiCU_@y@aAiAqB_FoGwBwCSa@k@m@eA}A
11397817121,qwzbFt_}fVOUIW[s@EEGASH{AdA]LOBOV}@r@D`@Vl@r@x@LZ~AxE|@tB~@`CDNBd@n@jBnAfDdBbE~@pCj@vAX|@z@|Bv@nCN\f@v@Hn@Jb@t@fBd@~AfClG`@~@l@vBFh@JnCJP^XHBvDI|FOT@HDFFJTHdAPlF?fEHbGC~C?rAHnF\bQBXPbABf@BnDJ~CDxD?tAMx@KXW^_GrHs@dA_JzKe@p@uDzEcBtBaDjEc@p@iC|Cq@|@{CnDsCtD}AzB{@bA_C~CwBjCi@|@u@fAIV@VBJLPzAdAv@|@vDvFv@rApAnCj@~@lDbFl@t@jCzDxB|Cj@n@lCvD`@t@b@fAl@rBPfA@ZHrDDlJJxACtEEfBBxME`O@zGJ|Ad@lBD^?^Hb@RNRDR@hECzD@xBEbI?xABnBEjDAHBFJF`@FlH?rSDtH@hLEfE?zCFdUAfAD~E?pEDv@L|AHtBBTLL\D`BCdFAfIKfDB\@LFDFFRFzDH`ACLEF]N
11380907403,uywbFxgmgV^MH}BCqCCQMK[GeCE_CDi@AsNJUASGIEISAg@?eJM_JBkAAiP@}ECe@@a\CuOEaDF}DC}AAGCA[?MCAk@EIIEcLCsE@WAKKAIF_d@Cs@M}@[kDCiAFmHVmM?eFIeECaKEwAmByHUq@Q_@qAkBwBmCcE_Go@y@yFoI_AkAWq@q@y@uB}CsAiBwBgD[q@@QHO`CaDxCoDpC{Dt@kAjA{ArA{AbFwGbEaFxC}DnA{ArCsDpAiBLWJWD[D}@I{DGkF@e@a@gJA{A@gBO}EGmD?kBBwALiC@uCCo@c@yHEwBAyBFkA?s@McBGYOWcBiC}CmEk@aA{BsF@}@yAsDOOSAWGsAuDyAyDa@u@e@q@e@a@A}@c@e@iAiBoBqHCW?K]{@Io@MSUIOSQ}@WeAM[]u@QiAm@oBSg@
11379938476,}wxbFt`mgVLLFMFUDKHCFBBHAhBGb@FRBjAJZDBdCpBhB~AxCvBjCbCjBrAdBrAfB|AbE~C^`@nBrAvBfBpBtA~@j@vCpAxBv@|A`@bBX`CZvBPbGBpBDzG^dANj@D^NdBNbCd@rBb@`Cp@jCz@nDvA`Bv@pCbBrAfAfGnEpBnB~BbCzIbKpErF|FvGjBzBlFzG|@rAjAvAjApAtBhCf@d@b@r@jBvBvBpCjAtA`EdE\h@jBjB~ExElBpB~A|Al@r@hBlBbDbD|EtEtBxBnDjDvDdExAvA~BnCrH~HlCdCJTjC|B^^p@|@xDdGr@z@bBdCdAlAlB~AlAjAhA|AfA~AjApAhA`Bt@`AnApBp@|@d@x@d@t@^x@POFK@GIa@}@mBkAiB{AiBoHyJkBmB}AoAq@m@gAkAm@_Ak@eA{@uBCKB?Oa@sBuC]]aDoC}C_DgBcBaGkG_CgCmJkJaC}B{FaGeBaB}@eA{CwCwIoJwAyAwAaB}@w@w@y@cGaHcAcAg@s@oE{FQQe@]}@uAmHyIqPuRmBaC{CiD{CuDiBsBoDkD{BqB{CwBmCiB{CeBiAk@mBw@o@U?BNFMA]Sa@QmE{AqCk@yCc@OQgAEqF]cCIcCCeADm@AoABwBGyAMcB_@}Ac@iG{Bk@Kw@a@II}@g@cBkAg@e@eDgCq@m@_DcC}@w@EI@KNOTCDE@}@Nk@Hu@Ti@JwADaAIqBAmAEM_@S
11184103912,sywbFjgmgVBC^EFCDQBk@HiAEsBEm@CMEEOCmA?mEHM@EDIPC`@DlFDjCCjBDvBAnAHf@@d@L^NT\X~D~CnDvCj@h@|ExDzCnBnCrAhC`AnBj@rAXtC\tCThIFlG\rIhAdARfAPhBd@lCz@hDrApDdBbDtBD?JWBWFyA@uB@QHGH@j@f@
11184103964,e}ybFp``gVQIA[DKDAv@?XCLEJOFc@CoB@OFInCEnAIxDEbABFBLRDZh@fN?zACbBBpAAxB@lARxILtMFxABjBXhK?tDIx@Qf@Y^qG~HuDxEwDbFeApAuAnBaAdAcElFaBpB{@jAgBzBaG|HqA~AgBbCgCdDwBhCk@v@m@dAw@dAGRAXDTLRhBrAvBrCxB`DdBrD\n@~MhRpBdCbBdCbAfBZ`ARv@XxAFl@PhDBvC?lEFlDAlECbBC|Q@lRBl@Hv@V|@Hd@DrARP^DrDCxCFhB?xAAfCBxDAfBBbD?lBEL@HDD^?vBF~GCrMDtGAvFD`S?jODnOAbCBhBHfAF~BBVHPHBTB|@ExCCpDB`CA|D@j@CbBAPBLJDT@zCIn@?z@AHEBSBMD?A
11175983435,kywbFvgmgVd@EFEBOHuC?qBC]KMIE}BFgHB_FAyDFa@EQGKQAKBaE?qFIqW@oKCuDBwEE_F@aLCyK@mCAyJBm@CM[@e@Ho@BcFLsGDmD?mCFsHEiAMUIGIG[K_A]iBE_A@kXCgH@uGCiDBsBAiKCeCMmAKk@YeAUw@a@_AWe@kD}Eg@{@kBkC}HqKuAsB_@s@u@kBsAwB{DkFi@g@iA{@OSGS@ULUl@q@lCgDdB_C~@eA|@kA~@gAbC{CpEeGvAeBdBaC~BsCv@kAjDoE`E}EtEkG~C{DjA_BpBeCv@kAVm@D_@?w@SgFCqDYkLYoSBiANwB@kBAwBQ_JIqBSiBG{AWk@WUWIaAIe@Kc@SiAy@c@Oq@Ke@AcBL[H[LGX@pBHxB?xAEJKDO@m@ASDEJHb@Db@
11175983192,m_rbF~pqgVFd@Lh@I`@G@[E]?sAB[DOJGHIb@KVk@t@MHI?QIwBoCcAaAa@w@kAuAk@y@oHyI_D_EeGeHaCiC}DqEyDyEcCoCeEeFcDcDiBeBoCuBgBmAEI_@[gGeDaBw@{Ao@eDgA}Bi@qGmAkFe@}DU}GIcB@oBIcBQcBWeCq@o@]k@O{CcAk@Ym@a@w@k@cDmCeCkBs@o@cCiB_BwAAG?MLOPATHJ?DADK@sAFqADk@Ps@Dw@@yBGu@?cAEKIEe@D
11160310072,olncF|qcgVBBBl@P\Hn@HPNFb@?NFZCz@Ed@INIP}@GgADODEFCV@p@TJJBTSpBAbB@`@P^TTRBz@Al@BhALpATlA\hBz@z@h@n@d@rBjBn@d@jAl@j@Pl@Lx@Jx@B`@A|@KpAU|Fs@~Dy@^?tFyAVCDBFLBt@TnBPzD
11160310113,eywbFxgmgV@E\KJm@?YFkAAeBCm@GOQIU?sFD[FGFKRCZCtB@bFE|GALORIBSEgCmBgEsDmDkCg@g@c@_@mBwAiI}GgHmFUMOScBuAgJaH{AmA}AeAuCgCoN{KwCiBaAw@E?Y@QJcAzA}AvB[\_@Ta@LqAVqDb@{@RqElBsDrAqFvByAn@gAr@g@Vg@Nm@XgBp@wAl@c@JsLAqACs@D}S?qEBmB?iDGgAB}IFiD?_BCq@BqCBcJCwFF}GC}@Ea@Ia@UoAiAWEG@OJKRgAbDwAtE[t@oAdFe@lDEJIDeJ?o@EkBCaAGuAAgABi@Hg@Bq@FyESyCPyBB_DA{C@kBA{@EoACw@IyAAc@Bs@Hy@Bi@FU?uNEkACsBOi@CiDV_@?iLCuAIgBS[AYBc@Ja@DaBHeCDaBN}ARc@BgEKqCQcD[{@E{BFmBEMBQVM?OC[]KEoIcAeDe@iAK{@OgAIo@@o@FeAVsOxFkIvCeAZoDv@eAr@_@PWJm@HUJqBxAiBnAwB`B_@`@E@EGIs@GSMQMIIO}B}I}@uCmEiK{@eC_BgFkDwMu@eCa@}Ag@yAKc@U_@q@{@_@_@WSeDoBs@i@g@c@o@w@s@qAs@oBMk@QiAMeACoB@w@D_AVoBXqAp@cBnNqXf@wAZ}AV_CB_AAuBMeBW_Bk@wB{A{DaBuEoAcDg@{AwEmMKg@_@}@cDqIc@}AUeAs@}EgCaS]{CIw@EwA@gBHuAVcBRcAnCoKbDcNz@{D\kCNuB@yAQwAS}FKyACGIMQKSEW?kEh@kBNy@D}AA{AO_C_@yAa@kAc@aBi@eB[qAKgAAmA@wAHqAPy@RkCpAaCdAk@Xg@\cAX{DhB}B|@q@Ne@TqD~@wBd@uB^uA\wAVkANgB\}AFo@Eo@IyAc@k@Yg@]yCkCs@g@}@i@aAc@aA[oAYqAUcAGiBCm@@yALk@HkAVmA`@}An@OBGAGEKQMg@Ky@GuADOFEzASNEJI@WIg@E_A
11136111783,istbF``ogV?GEKOBGHE`@IlCQNs@m@uAaA{DmBiBw@}Am@gCu@cAYyCo@cDe@aFe@sHYwCAeABk@AuBOa@Im@Su@KkDs@_Be@oDoAc@[cAk@m@a@}CaCkCmBwEyDOMS]AGFQDCXCFEBIPgABuANoA?_AFiBEsA?_AEOEIOCMB
10992894297,wywbFngmgV?Bh@IFGBMAw@FwAA}BCOIKOCo@C_BDkDAwNFi@EOMEYA_@@iKIiID_@@{@CoEGyHHeGJUFEVEp@BjBCjGAhC@tACxJCjBE`@@f@JP@DBFJ@LA~CBXFc@LCR@N@HDLd@BC@OLuDAE^Kf@Kb@ApEAz@A`B@bL?|@BpFG`F?XCTQDGBWCyBAqZAeAAkE@qLYaCO{@g@qBMiAE{A?uDAgB?aII}EAiCC_@IMGCUCw@ByEA{WFo@GcA]e@Ee@?IGEMWAo@Fe@Nc@PIRAv@EGKw@IKQ@oBb@GJ?DBA?CCACBBDJAHh@f@rJNrF?fBMfCKbIEZMJ_@BmCGyBAiBD}A?}@DoAR}BOwBIuAAuC?s@EuAH}DFe@B}BD{F@MCCEEICYA_KDsQCqEGkABO\e@BK@[CM[q@K[C[?u@HiAJg@V_@\SVCrGCp@BXFVVzBzDLf@DxABZJTDDd@NDDBP@f@InCDvDEnHHjKLfHBvKA`ED`DAxRB`MAhADjGCnSFjG?`FT~BBnBHTHFVBlBG`E?vEGr@FpDI|AAR@NJJRBJA`GCRc@BIB
10992894040,mrtbFb`ogVEEc@IGBGR@n@KzAEHC@a@BSIg@c@gDiBoB_AyAm@qAc@uCy@{EeAaAQmAM{Hs@aFSmFAgBIuBSmB[oBe@UMuAa@iCeA[Io@_@aDyB}@w@{C}BaA}@}D_D[[CE@MPIL?THJAFKBc@BkA?uAPuBBkBEeA@}@EUGIMES@
10992894042,cywbFtgmgVb@@FEBMCaAFmAAyBASGOOIWA{DFgA?QFGPCT?zKDfE?zBDh@HVNTPPlEhD`BzA`BnAj@f@pC|BzB`BhAr@tCxAhEzA`B\`Dd@dDRpJLrETdD^hC\|E|@|@R`Bd@tBt@hBr@dBz@nCxAtBrAPu@JiB@cBBOHGPBPRRP
10992893946,kstbFr_ogVUAIH@dBIlACDGAq@YgAy@_Ai@uAs@{B_AkFiBwBm@kCm@kC_@o@SsEYqCOmCIoCEoA@uACgBK{Ce@uBe@aAa@uA_@qBy@SEqBoAqA_AiAcAoDmCkAeAsA_AsAkAQSAKBELKH?TDLEHSBk@@a@GqA?]B]L_@F]?[CkBCg@DcBAKIIO?MD
10992893882,iywbFrgmgVNAHEDODu@JoAByB?QEOKIQCiDDo@Ds@EOFILE`@EzDFbIDzA?d@CN?p@Bh@Jb@TZj@f@hIrG~@~@rEnDr@f@nBlAlCvAxBx@fA\`Cj@`C\hDRxDFtB?tDNrBP`D\LDv@FpBZhCd@nCr@~CbA|Al@~DpBpDzBDCV]LkB?k@EeA@KBCH?r@^
10927152685,aqfcFf}ahV?AZf@d@VH?DEHQ`AkDh@{@PkAj@uBdAuDhAqDrCwJ^gBb@eE\uBbBaGfAcD`AcDjCgJd@gBvAuGdDkNz@aEp@eCr@}D|AwGZaAVqA~@oDdB_JdBaI~AwGlAoF`@{A~C}MjAeFz@kEdBiHhEmRp@qCd@yA|AcGtAaG^{@VmAl@yB`@}@jBgDLa@T_ATo@r@wDf@qBzBoKzAiG^oA\}@Ra@\i@`@e@v@o@tCkBZUj@o@`@y@Ne@Je@f@aD`@}Cf@cB`@kAPw@P}B`@eDPeAZ{Ah@uAp@mAz@aApAoAn@_At@_Bd@wATqANeBBo@A_DBcBJsAVmBDy@AuTBmCFeANqARcAT_At@kBv@sAdAkA|@q@jAm@dAc@~@ObDQRIJOBKDi@AeEIsLBoAGgN?iFCgBA_GEsAAyDCqBAgS@}BCuDAaJ?cAHaBFu@NeAh@sBn@_Bx@sAv@_AjAaAz@g@r@[~A{@dAg@n@a@X[T]Pe@Je@Di@BaAAmBPyXA_BEi@Ig@yBwJQaAQoASgCEsAAsADmBFqAN_BZsB^yAtAsElB_Hj@gCJYJIP?PLt@p@ZR^Jl@BnM@~@C|J?zICpC@dCCxBB`BA^DbACrD?`BCbBAzD@bAAnBBdIEtABzDCzGCh@Ch@KxDyAb@IXKv@a@~@o@n@]`E_BbBk@bBw@dHsC|@UjBOfAQtA[^M\S`@c@`D{DNKFAH@PJnCzB|BdB~BlBpA`AbDjCvGfFf@d@vKxInCrBjBnApBfBvB`B`DlCdChBbAb@|@l@NFJ?NGJOBK@]CoB?{@DSBEPGTAjAB`LIbABt@Cf@B~CEZFLJ@HDjDGf@Fv@CNIHe@B
10925672239,omqeFxc_jVAAf@fBNp@LZDVPVBJB?n@YLKJC`@[d@UBKE_@Ac@RuBHG`@GLMHWF_ADOJGfAQFGBY?iA@GFKNEp@@vBEpBMrAEXCpM_Er@O~@IjBGn@DpAApAMdBGvBMpCGb@Bn@PzBx@hAf@fF`ENNDNQNE\BlA?`BNtE@`CCNCDODg@?oAS]BaAPeAFqAD[Gs@CiCRgFT_EZcDJgB@kAN}Fj@mAFkAPyAHm@Hy@Tg@He@PGAQIY]mFmHCE?OCGGCY?]DSF[Ru@n@aDdDe@XAVb@p@Z~@d@r@Xp@X`@?LGb@@DVNbBpB\ZNH@HEr@
10924041243,{{wbFfimgVDo@@aHCSOM[E}A?wAEkABcH@cCDWCSKGKG[GkCAuPB}AI{Q?qQGmGBcHCsC@iNEiAMeB?oDGc@KOOMWGWAgLX}B?cBCqDFqCAeBDq@A{@IWGSOIYK}@YwAKkAC}@A{TBeGEiSBiEC}BAeEG{@OeAe@cBo@_B[q@Ya@aTaZm@iAaA_CgBqCkDsE]]_Ao@c@g@s@aA_A_B{CcEaEaGwA{BuAmB_A}Ag@aAaCeD}@{AWg@Ye@}@eBq@{@_EwG}BoDaGsJo@}@aAiBSWu@a@wD{GgKsPsB_DmB_DwA}Cu@qBcBkEw@wAo@_CMUQg@}@eBYq@u@yBi@oAi@iBkAkCeAuCkAkDw@oBm@sAeAwCg@kAqAsDcAkCoB_GaCmGc@aAa@sAkEqK{AoE_CoG}ByFgBeFsAaD_@e@SMUIuC_@uCUcAMUGUKy@q@gEiGuBaDoBsCoCiE}@{@yIsHqAyA{@iAW_@o@sAa@cASU}@gB_@m@uAiBeA}AYi@ES?IDMl@_@~AqAv@_@fAWN?HHHv@JVHHf@P^Ap@Oz@c@f@@
10900304799,mlncFrrcgVBFF\`@pAJHx@FbBMb@KDKGcBDWJKHCP?|@PFJBRQ~A?h@PrBFVPPRFjA@hBP|Bd@p@P|Av@dAr@`Av@nAjAx@l@tAn@t@Pv@NbAF|@C|HaAhGkA^E|EsAXCJ@DDBLBp@V`Cd@|IHfCZ|HJbHnA~Mn@dFfBzLnAxFr@rDv@vCj@dBLJPDt@FhDUT?HBlB_@tJ_CLGTTF`@Tx@HTLPfAz@tG`GfGlFRJTD^DT?p@O~@g@XKP@NLrCbHdA~BpApD^nA`AbCb@pBV|@T`@b@t@b@lANn@`@|CFl@DbBAvAOjAYtAk@bBy@`BaBrC}@bBqArCw@lBkBfDk@fAWp@]nA_@zBKtCBhCR|BRz@n@`Bv@~Ah@x@`A`A~CtBjAdAz@|@PXd@|@^fA|BjINdAXx@T~@L~@Ll@lArCb@vApClI\v@f@z@\~@d@bALJF@PEROBAFDJx@H\tAhCVn@p@|CZ~@Hv@FLDBJAbCiAtBsAnByAZSRGr@InBiA`Ci@rBm@pYkK~@U~@Kt@?r@F~BVlGx@r@L`CVrATHHJLHDN?ZSPC~@D~FCj@BdBBvCZvDNf@CpD_@r@CxCAdAKrAW`@CZDh@Nv@Jf@BtDFxD?~@BhACdD[z@BxBTxBFrGApBBv@GdAA~ASt@E\@r@Jz@@v@FzA?~@BlJAvAIjAA`AIP@l@Lx@@t@DR?h@Il@Cb@IVAlAB|@?n@FdB?v@F|DA`B@~@AFATO`@{@ViA|@qCtCkKf@wBPc@NGPDfA~@ZP\Jr@DtM@vCE|@EtADlDAt@BfB?lACzJArAB|@CxAFvNIxE@hCChBBvDC~@B`EEtG@h@C^GrEgBh@ObAg@dBgAfNoFjEiBz@QxDe@zA]\MXSVWxCaELMNCH?NJn@l@h@ZnAbAnBpAdDtCnItGrBhBp@d@j@f@`CfBxFxEl@b@h@d@nCnBzD~CvB`BhB|Ah@`@fAh@jCrBh@PJ@JEHOBYC{DBUDINKTAjABzKKbADlFGf@DRDFFDVAnDIjAOVa@B
10900304664,iywbFjgmgVJOV?@ICmAF{@BeBA]GOGESEuCFuAA]BOHITCZBjDClLCZIVQJUEiDgCy@u@}HcGuHmG}@o@aBuAsB{A}BqBoAw@g@k@kE}CmEkDeB{AoDkCkCwBeGuE}DaD{AgAeAi@e@_@e@QQFUPkAjBmA`B]Z]Tc@LgAR}Dd@o@NoKbEoBx@gE~AmBlAu@\mEbBiAZaLDeACgDDsEA_DBaK@sDC_BDgAEcDAcBBqI@eBByPAyEDmFAgAEa@K_@SuAiAICM?MHS\eCtHWbAOXUt@mAzEId@OhBELIDgHDqEIeAE_B?}@@k@J_BHwEUaDRyED_FCgFMu@I[?eBBi@FcBJeCDqGKcDD_AGsAOg@EoDXoEDiDAuAFs@CiAOu@Mi@CYBq@LeAFoD?mBPqAPm@@q@C_A?wBIcCO}ASeBMoALe@@uBGKD?D@@WNC?MGUYSGuC]qDk@uBUcAIwCa@o@C{@@o@Fw@TaBl@wFlBmN`FeCr@gCh@{@j@i@Xa@Le@DSJsG|EgBxAEGEm@Q]Y_@Oa@}AiGo@uBoBoEsBmFkCwHy@mC_BaGiAyE_AqDWs@s@}Ay@iAc@a@cDkB{@m@e@e@u@_AWg@c@gAi@_BS_A]mCIeBBuAP}A`@gBp@aB|@iBlIyOhBuDd@sAXmANgBP{@B}@AwAOmBOaAa@eBoA{D}AsDY}@Sw@gA{C]iAyAsDuA{DsCaHqBuFg@gBUqAa@cDKYWoCaB{Lo@qFGoBBuBJaBZuB~B}J~EwR^qBVkBLeB@uAKwAE_DKiCIeAGMKMOIa@CsHv@qAFy@C{AM_C]yA_@mBs@uAa@yA[u@IeACsA?}ADcBTc@Ha@LkEvBkAf@oAv@aATuEpB}DtAkG~AoCd@oAZgGdA}AJyAMw@Q_@MyA{@kC}BgAw@u@c@wAo@i@S{A]_AOmAKyAEY@UBiBJoAR_ARw@V_Bt@SDOCEEIUUqAEs@?m@FOFCfAOXKJKDM?OQ}A
10891917670,qrtbFz_ogV?AYKO@EFChAOjBYDWM{@o@cAm@uAu@yBeAiCaAeBk@}@YeCo@wB_@gC]kFe@{EUiBAcBGaCB_AEeBO_Ca@{Bg@uBu@qDyAuA}@gBmAq@q@{C}BuBgBmCqBa@k@AOJm@EeA?mAEYQo@CSEgC?sCBSFI`@IR?DB
10891917442,mywbFfgmgVDCZDDADIA_BFc@@mCAMKIWEqA@oCAk@@IDMVCVE`JHfKD\HTNRdA~@nBxAdF`En@p@bCpBxAdAhCdBlB~@|DxAl@PpAX~En@bCLjB@`BA|DHtE\vFv@|Ex@tCx@pC`AxBz@lB~@rAv@fBfAhDbC`ClBnA|@tApAhCjCfE~ErO`RtGvHbC~CJRNJf@r@fE~EdCdD@JCF{@v@E?]e@
10858820219,kywbFjgmgVDC`@CDE@sAHk@C_DEIECYCcC?_AB_AAs@CyAFiCA{ADsAAcABu@?Q@KJET@nCC`AGLC@IEmAaA}@m@cBqAoB_BgDkCqGiFa@WeFyD_BuAuB_Be@e@IESGmEeDgB{AgM}Ju@o@{B_B_BuAmA}@}BqB_BkAkIqG}AsAkCoB}AmA_@c@e@u@Se@c@{Ay@_Dk@gCyAsFs@wCkAeE]{AcCiJ{@kDcAyDg@qB@OWs@cAgDKSGCQ@sAv@_@NSDQGIGMYc@aB{@sDyAiFa@_BSmAcBgFc@uBk@iCEYBQLM|@e@tAo@lEuB`Bs@fCoAZUdC_DbDoEfIeKdEwFhFoGhEcGbCqCJILCF@z@r@r@b@`BbBdA~AhBdCpBdE\j@dBdCbBxB~AdChB|BpAvBbEzFj@`AXn@P`@Rp@Nz@Hv@@pAFzAB`KHhE?nGClCEfABrBCpNBpKDdAFb@h@~ADv@J\HNPJb@BzG@zBA~@CtA@nGCt@BRCvC@jCCV@JHBRCxC@bIAdD@zDA~B@vODxEErBCD?f@DtB@dDC`J@xCBfBAfFBv@?vDFhCBZPdA?|ABFJFXBhDArC@pDCr@Cp@BvBCn@BHB@HEn@@nABtAF`ABHBBt@L
10858820209,{~qbF|mqgV@BWf@IZEJMDy@@QDGDe@dAWZEfAGR{@bAMBOEeC{C{@w@m@{@gAoAiA}AoG{Hs@aA{BgCuCmD_HyH_JyKwIyJyDyDy@q@}AcAy@s@s@i@oCeBuAw@cB{@oCkAcBk@i@K{@a@cDy@eB]cDg@_DYuBOyESoCGiD?_BKeAMwB[uBi@kG{Bs@_@wAaAgAw@cA}@}CcCe@a@uCyByAuAAKJg@?i@Ey@?wAKu@CYEaF@aABIFEn@A
10858820156,oywbFvgmgVRETAHE@GA{AFcA@aBA]EOOIUC_C@}BDM@MDIPCXEbOFtDBlADLLTPPrA|@l@l@`CjBv@t@vAfAf@d@xEvDvA`A~@l@|@`@lAl@hDrA|A^~Dn@hBNrCHhGDbABrE\hCZlDh@~Dv@v@RhEpAjBr@hDfBtCdBpDjC|D|C~AxAdBfB~@`AnBbCxFxG~D~EpC`DfEjFzExFLXd@p@bF|F`BpBnAtAp@bAJBTSpEcGNKF?LHr@x@FPF`@JNTBz@EdBEJC?G
10858820118,mrtbFb`ogVq@IEFArACj@Et@CBE@g@UuA_Aw@_@mBiAcAe@aDgA_Cs@{Aa@_E{@sB[gEe@{@GyEUeIC_BGqAUiBSy@QoAa@SKs@IsCkAs@Uw@_@cBiAcB{AaE{CgA_AuDuCSUAOBk@Ey@EeBKoA@qACoB@yBBKLEh@ALD
10837661715,aywbFzgmgVHITGDS?mAH]Eo@@cBGYII]CiEBw@BKDKNCTIpJDrEAlBJhAJ`@JRVVjFdEvAlAv@j@\`@f@\rD|Ch@VxBzA|CzAnDpA`Er@vARhCPjADvC?hCDlG`@dHz@fDl@jBf@fAZjC|@nBx@fD`BtAv@tA`ADAJ[JaAD_A?gBDIHAn@\
10837661466,gywbFhgmgVBCZ?BICaAFaA?eCCOEGSEcF?a@@SHINCJCZ@xAAjCBdICj@EXORSFUGuC_CuIuGmAcAsAaAuCeCiIyGs@e@}@y@a@Yu@a@]_@qF_EkCyBuAqAOOMUGi@AoCDwICmKEoCDaMCiABwKCmEBqAAoBBsJMsBe@wBGo@A_@AoSFyCAiABw@HQDETEr@Gn@OfA]|@KxHAH@HFH\B|@@nMFdC?pDEnE@xEEJL\JLNJTBlDAxDJrAEzADdBCLBBDD\@jIC|I?~FB|FCpCDvJCtCB|@B~HA~HHjM?dHBfANdA?|@B`@FNDDRBzHE`A?bEGnDDLFHVDnG@DHDj@@BB
10817238509,acxbF~eagVe@HyCVkAFeHPcA?UDIDILCRVdKAvCBpAAjGCv@Jz@HrCOrJ@rFC~EDfCAlBB~AAzC@rD?fGDlBCpA@tDAxFDlDArDF~JCvJBpC?pAD|JC|@BZ?vCCpAArAJ|GN|FC`Ga@zIAfCEnBD`D?`BCr@?tBJ~KAfABfCH|ADdFAbA@`FEvF@tHDzBGhGDnHAbEBtCBnHCrD@zCBtBAdABxDCxD@`BBpANx@DzAHRRJ`@BvACrFAjCEtDA|@CpBBZDJLBRD~CC|AEJGD_@H
10817238454,olncFtrcgVFb@HTHf@FNDDj@DNB|@CfA?LAHGHg@@c@Es@BUDERC`@H\LLLBTUnB?nAB`@D\DNLNRDz@@xBR|AZnA\~At@bAn@n@b@tBnBbAt@^Rj@RlAVpALl@?l@EnB[d@A|AY`CY`Cc@hBa@`FoARCLDDL?p@T|BT`FJvCDzBZhHNjHZrDr@zG~@lH~A|J`AlE`AjFb@fB^jAb@bADFPJl@Fb@?zBQbAEdE}@fDy@xBk@JNLr@Ld@Pb@NR`Av@bEpDzEpEt@t@`Ax@^PTFn@@TCTIhB{@RBFDLTd@~ApAhDxAtCf@r@`AbCNLh@YC?BNHLFFHAfC_BDEAA
10817238341,aywbFlgmgVNEFEFa@HaFC]EMOGIAuADwD?QBILC^@bBAdOGd@KNOBSCGEwB_BkJkHwAmA_BmAoD{CeCgB}AuAwFgEqAiAgBqAsA}@iB_BsB{AyCeCsN{K{CgCeCkBcAa@m@e@E?W?OLQTy@pAmA`B[Z]Tc@NgAT}Dh@eAViEdBuDrAc@RwGhC_@PsAz@_@PcFnBm@Rc@HoCBgFAcAB{@E_ABcG?uGCoBBqIBkBAcAEoBB{B?{BDcG?y@A{DDoCEiFBk@BuAAsCBoE?uAGc@Iq@a@{@w@e@AOFGFMTy@jCmAlEe@bAwAlFa@~CGLIDwAAoFF}AIqACaAIaA?mAB_AL{AJmBGcAIgBJkCDiAAcFBwDAgAGcA?eAMw@C{@DcC^sADcCIaCE{F?oCWi@AY@}@LqBJsA@wBCwE?uAIeBUg@CYBo@Ls@FeEFkBN{APU@mEIcEYoCYi@CqBLiBAIBCHOFK?QGSUICgCY{@OyEk@cGw@c@Ec@?gAFy@R{JpDmLdEgDdAkCj@SJe@^s@`@WF_@DUFkGnEkA|@[`@GBCEIu@MUYYKWe@sB}@}C_IwS{BmH}AkGgDuLWs@{@iB[e@o@u@g@_@iDuBkAeAc@i@q@oAw@wB[kAUwAGk@IuB@k@NcBPeAd@gBb@iAbDuGnAuBp@qAfBqDr@kAx@iB`@mAb@yBP{ABoACeBOoB[eBa@_BcAmCoAqC_@cAEOEg@o@aBu@_CeAgCyBeGm@wAs@qBq@cB}@iCo@aBc@yA_@oB[cCAi@ScAQkBmA{H]sDYoBKgACgB@cBJ}ARsA`CeKrCsKnAgFb@{BT}AJeAFgA@cCC_AQ}ASsEI]IMOMIEWCkBTiFd@sA@_BGeAKoAU{C{@wBs@aAUu@M{@IqAG}ADgAJ}ATc@Lk@ViCtAyB|@iAl@mAZmDbB{Aj@}@Vq@VgA\sEdAuB`@{A\mB\o@D}B`@yAFy@Ea@EwAc@k@[g@[_DqCgBeAmAk@a@MkA[cAQeBQgBCe@C]?sAPwAXi@N_AZ_Bt@QBGAEEIQUoAGu@?q@@GLORGz@ONGJK@[S}A
10796600025,mrtbFt_ogV?@[IQDGJCXK~CQ?]OoBsAoBeAsAo@mBw@gFcBmEcAsEm@wEa@mAIuDOiCGcB@wBCcBM{B]eCu@UAoAc@cDqA}CsB}AsA}BcB{@s@aA_A}CcC[_@AG?KLOHCXHHCDKH}ACqADULc@@OGuHEKGCYCE@
10796600121,mywbF~gmgVl@MFGBUJyCCgBG[QKoBEgDJYFGFIVA^@~@B`SBb@J`@T\r@n@lG~E~@n@l@j@`F~DjD|Bt@ZlAl@lDnAhAZ~AZdC\rAJp@DrC?dEJhGZ~Cb@JChANhBVhBZtBh@vC|@hDpAnDfBvDzBPs@JkABm@?iA@SFIL@f@`@
10796600228,s{xbFreugVb@CHBRIF_@FEHAL@JJHDj@Bf@HJAHCb@g@BU@kGGgAEgDEiA?qAPqACgBAoHFgEIkGAeEDqC@_MBgAImG@_EHk@K_ACeB?qD@wF@GJKZEbCIpEAzBIhA?RENKBI@WCaB@gCCyBEa@IQMKc@So@OOQG_@@kBC{BIoAOa@Yk@w@eAU_@Yo@G_@JeA@e@EcD@aLC{NA{@OaB?uBBaDJw@j@gBHi@Bi@@wAEqBBo@FSFGjAw@`@e@\s@L_@Le@Fi@D}ACqCBkCIwFCgG@{FBQFMTIrBChB@ZBNFFLBRB|DIhAEDY@
10796600131,sywbF~fmgV`@@DADI@iABc@AkCG[MIg@Ci@?KDADALBjFCfAEV?i@B}@AqECWKIWCeC?SFGFGTAND|C?lKCjB@RFZEhIAl@Gn@UdAWn@[^i@^c@L_AJaEBg@HaBGU?IBIFGVDt\AdDDpHAlHDjJArFD~NApJF~R?hAChAD|G?rLCnBF~CA~ADlCAvBInDCrID`G?hJFbD@xFC^CFMFeAAWGeACGFGd@c@J
10769926587,_lncFnrcgVCF?EECDJ?\XpADFLFX@^F|BUPGBI?wBBUDEFAT@r@PHJBVOpCD|AHb@JNFDTD`@Bx@Jv@Bn@JpAXlA`@`Bp@z@f@tA`AjBdBpAt@t@VRDnANx@Dn@?~AOn@O~@I~@QhBWjFaA~FwAxDyA|@a@zBoAtBgAnC}AlB}@~@[~@QfCQbAAdBHdAN`ARvEzAdAVnAR~BRnABvAChCQjCYN@LLFVLlBLjCB|AA`ACr@OlBSvA]~AyDbNUdAY~@WvAUp@eA~Dg@dCO`AKvAAnBH`Cd@bFTpA`BjLDf@?\L`@Fl@XfBHr@XxARp@`@z@Nf@`@|AlBzGDPtApCdB~Dh@`AXn@hB`FDh@dA~Bz@xD~@bBd@hAPn@\jBRjB@f@AZKfA_@vBc@fB]z@kA|Bq@lAeAnAU`@y@bBe@lAKLa@z@{@zAy@`B[t@Of@m@~BQxAQlBCz@?hBNfCBXJb@\z@bBfD^j@j@l@b@^jD~Br@j@`@`@^d@b@v@fApC~AxFHd@\tATvB`@dBl@jAnA|CnAfDf@`Bv@dBzAbEFHLDNCVKJ?@DHp@FTvAzC`@fAh@rB^dALbAHRJHJAnAq@tBsAv@i@hAaAv@k@RE`@ETEfB}@lCo@tDiAjFoBtBq@pCeAtBq@rDqA~@Ul@Gj@At@D~Ft@lC^`Gr@LFJPLJXGVQJAhCBhDIvBPvC^rBJhC@`D_@lBI`A@z@GfAKxAS^BdAVrAJlAFzB@hH?~BUt@CrAHnDNlAA~@EzE?jCJv@E`AO`AE\@z@Fx@?dAFxDI|GBjACl@E|@?|@I^Bp@J|BBzAK~@Kx@BvA?n@Ff@@tMBHGNSf@mAXkAh@sAV{@TOHQPgAb@uBT}@\iAf@qBNa@LOFCF?PHt@t@ZR\Jj@FlB?vACfHBzLCzCCj@@zCAxBBjCCnFBlAElC?nLBhAC`AB~@CfDAdE@dCE`B?~BB`DIj@I`CaAfA]|As@lAw@f@WpAi@jE}Ax@a@nGcCnAi@h@Oh@KzAMfBYf@M\MZQXUlAyApAkBNMNCP@PJvAjAjBrAlJ~HnAz@fCpB|BbB~BlB|DzCjC|Bh@^NVNLzCrBVL`@^j@^h@j@vAv@nAdA^`@T^ZXb@Zd@NZPdE`DLDNANIBIDk@AmC@g@DSNKRAlB@dCGjA@jDGj@BvBEhDBRBDDFFFRDdDG~@?d@GDi@N
10769926416,{ywbFvgmgVNKXAFK@IHgE?kAGQIGe@EcAAuCDWDMHIHAFElAEnOA|@GZIFIBUCu@g@}FsE}@u@uCwBWa@OMsB{AsBiBuC{B{AqAqB{A{AoAqHuFgFaEqCuBgH{FiAw@eJkHaBcA_CcBa@C[Vq@hAiB`Ce@d@ULa@J{AX_BNqARc@JyIhDyAl@g@T{ElBk@VaB`AgCdAaDhAa@HwB@kFA_S?{OFaAEs@Fq@E_@A_WDmBByBCwFBi@CiEDoE@aBCa@Gk@[sAgAUIE?WLOReC`IaB~Fi@~BYhCEHE@wF@wBAmAGoA?_AIsB?c@@i@Hg@Bq@HcAG}@CeAIc@Bm@Fu@?q@FcO?uAGaAAu@Iu@CuABu@JwBNwDIeIAq@CaCS[AY@kAPyAH_FCuD@kAEsCY[AYBy@N_@DwADwA?{@DoD`@a@BwDIuDUwC[w@E_CDaBASDCHBDQFM?KE[[KEsGw@sFu@i@EsB[c@Cc@@o@Dy@PiE|AaA^w@VsEbBu@ZaHfCoA\kCj@_@LaBdAUFm@FUJkDbC_D~Be@d@IBEEAKKy@IOWUKQo@iCaAeD]sAs@sB{CiHgBaFyA{E}DcOcAqDu@uBa@s@c@k@e@g@]YaC{AoA}@g@c@k@q@q@oAm@_B]uAS{AGsAAgBDOHwAHw@Lu@Pu@Pg@Xo@xCsFxDwHjBmDbAuB^kA\iBNwAFgBEqBIiAQsAc@iBg@wAeCuGQm@EYKYyAsD}AkEwC}HW{@cDsIo@uBWqAu@qEoBcO}@wHIqBBaCJsANcAVqAfAyDj@eCj@uBtAkGpAaFj@sCZiCNcC@wAQiBKsCM}BOc@MOUKc@ImIx@gA?{@C{AMsB]{Ac@kAe@aCm@aAQeAK{@CqABaCNgALy@TiDbBaBp@]Rm@b@oAXaBx@gBv@eBn@m@Ng@TeAZ_Cl@qEz@sBd@_C\aCb@c@Dm@@oAIcAWk@SiAo@wCkC{@o@]S_Ae@_A]kA[cASqAOw@EsBAW@yANeCb@w@TgBr@OBGCOYOs@OqAAs@@GLKvAOREJKBG?OQmB
10712286155,ixwbFfgmgVDE@O?qAB{CC]IOGEWAkA@sDCMFIJETCdD?fIC`HBxDAzBIjAOv@Yn@c@h@i@b@a@N_AFoD@eAHg@Am@QG?QBIFKRE\?`BHdLAlKFbKDtZAfACTCFQJU@s@Ce@Gc@MmAs@c@Oc@KiAOsCC_D@yA?o@EiB@o@Mm@SiAi@c@IqCMyBC_@FKLETArAIlAGj@Kh@c@tAaBlDQd@]rAGz@E|@?l@b@`T@jBLhIB`KMhCMfAa@~Bk@xBa@bB]nCKxAClADnQBbAA`@CJJb@PPPBdC@~BEh@?TDnBCbCBzAAjJR^DdAZ~Al@z@P^BbE?tDBt@BRDDBDFBT?hFHrDB|JA~F@~DCtCGb@MNSDeBA_DDkDMkAF{FDgCJiGJyBCkABkC?gBCsAIsABoBAuAEmCAu@@yDEwDJsBEyC@_@EIECICY?_AEcEAwLCkE?}VEmODkCCcLDmNG{HCcMCgHEog@EgF@mCEmM@aOEiCG{@QiAyDiQu@uD}CgNiBeJaAeEm@{Ck@mBiCuKu@uDCM@MJKx@[x@m@j@YpTuIv@SdBQ`AMdBc@`@MRMXYbDkENIN@PHrC`Cx@j@|FrExBfBt@r@x@h@vEjDh@h@rGbF~AtA~AlAdA~@zBzAhBtAnD|ChBhBd@ZpBdAfCjBFBd@AJKBIB[GuDBWBGNITCrE@hEKtAB`DGxAFxA@NFDHBVA~C@tACNEF_@H
10712286174,qd{bFri~fVs@h@kBdAc@\ILARDRpA|DZp@t@fAx@lBLLFBR?b@IHFFN?REjAB~@L`Ap@jBRt@Xv@d@lAd@rAx@lBLJPB`AKlAA|ABnBEB?FDFp@A|BBxB@^ZLf@NRBlBKvCGt@?`CK\GNKDIFi@?_B@KJGdGW`DIr@BPJDHHf@PvEPdH@pBAt@@p@A`DXtLJjKLrIJrCDzBB|DGx@Kf@KVm@|@eFvGoAbBiDlEs@v@eArAcJtLkAvAyDbFcAjAe@p@oDlE[\g@r@aBrBcAvAoA|AyArBkAtA}@lAm@dAa@d@Md@CT@HHVPPjAr@`@`@zElGl@fAl@vAx@xAxEfHbDfElDdFdArAnAfB`@r@`@dAXz@Jd@L~@Dj@?bAJ|BAvBFbIAbKJ|CDZHNFDRF\C^GfBe@r@IhHE|@@VCRKRSDU?KISYm@Ke@C{@BQBG?a@He@L]d@e@ZKzB@lCGn@@\DRJPPlBzCR^Hb@BpAD`@LT^VDFBH@XChA@nBH|DCbC?fCRjQ?|GB~BCbD@hNDlE@`BCjCDrDCjH@nQHrQErDDbCTfB@jBBFNDb@BjA?bHGt@Cr@@d@Cf@B|BA|@BtA?\@NHDDDT@vCA~AALEFa@H
10684492020,utxbF~migVDA@OC[WSg@HA@Bm@AIGC{AFiB?oENuF?m@CsCHyB?uBD_BCaAQOIEMMs@Ww@Ki@OkAE{@B_JCsPDqACs@GsO@}HCoA@{CG{AQcA[oAY{@_@y@g@y@eDoEaH}JcFaHs@qAaAyB]i@o@{@eAeBuBsC[YcAw@Y[IS?IFSrA{AxCgEdBsB`B_ClCeDnCyDpDcEhA}AnDgErDeFfCyCbBiC|DcF~BsChBeCtCsDh@u@R_@FWDk@QqGCyEa@{LAeBKaFGqGPqG?iBGqDS}GC{BM{DGy@Mg@u@mAiEqGm@aAcCmGKk@mAyCoA{DWq@}C{Gc@eAM_@i@m@GMC??H]`ASZm@j@mA|@wAx@gDzBs@`@[Nc@LuAVo@N]R}A`A[NYBECMM}@eBWs@
10684491962,eywbFhgmgV^KDSHcFAa@GOGE]EgHB_FAwGDa@EUGGGGWA_@?oKCkGBqEGmHB_JEuCDcJIsJ?uAJiBKaDEeF?}FDuDDw@
10670968647,kywbFtgmgV`@OBKJ{EAk@GSs@O]?}BDuAAK@ILEVCdFDfNBj@Jh@X^dBvAdHpFx@v@pEtDdBlApAx@`Ad@vE`BvCn@nCZtALfADrC@dFJhG`@hAP`CVhF|@rDbAnB`@zCrAjBdAnD|B|IxGlBbBz@v@rAxAnIdK|FzGfEjFzBbClA|AfD`Ef@t@pCjDvIbKdAvAdCpC|B|BdAtArFpF|BbC|LdMtApAt@x@xBtBpAtA~DzD|EnFv@v@dAlAjCfCxCbD|KrKf@p@|AdCxAnCzBrD`@b@v@t@~@x@fAt@d@b@j@l@fE~FlB~Bv@z@|@|Av@lApAjC@?Zc@?OoAcCy@qAwBoCgF}GsBiCm@m@qCwBq@o@]a@k@{@k@aAu@gB{@iB_BcC}AwAsAiAiCqCmHmHsB{BsJoJmCuCeKeK{I_J{BaCmCyCqCuC@?sBqByFwGiBkBe@w@_AiAiA}A{DmEi@s@uBeCwCqDiDwDcGiHmBwBcEkFqByBiEcFyEwEmAcAoBsA{BaBeBiA}@w@cB_A{@_@kFqBcIiBkEq@{Ea@yDSgFK_B@q@AuAIcCUiB_@{A_@{EgBy@YUKmAs@sBwAc@e@c@m@SQ{BgBe@e@_FyDMQ?QFGJC^LJAFKDU?o@HyAPm@BQBw@CkABiAKeB?]CKOEMD?F
10656592275,mywbFhgmgVb@AFCBKDqB@qCG[OKIAoC@sBBOBOHKTCZA|GF|HA~@DPB`ADZDJPT^XdJpHj@h@fCrBdBrArCfBjCnAdE|AhB\xDh@hBRfCLBAHMFEFA~@?jABfAHdBDhCLhAJtARzEr@nCf@fAXnCz@vElBxAp@`B|@rA|@^\BATgCH_CBIJEh@`@B@BC
10656592348,kgkbFt_xfVN|@FJJ@PINQp@aAFGH?VTN@PGV_@d@aAPi@Pw@Lw@PyCAYEYMUKEYCuK@uEH}@Aq@KIGOWUKQEy@Ec@GkA_@w@OU?o@HkCPsEJsGDyABgBHkB@eADwDAiAD}@FoAXs@Da@HuBJs@F}Cj@_D|@G@SKOByDfBaDfA{D|@sElAw@La@AUKW][o@OU][a@Qc@G]CuAHe@Hs@ZY\{G`LY^_@Vw@`@eC`AcBj@{ClA_DhAg@HqHrCsE~AMHY\gDhBmDfC_VlOoAr@_Ab@oDnA]NGHCT?x@J~@AHEROLw@^e@^qCvC}BlBiDjD_@ZSFGASKgAaBoAwAkAw@gAa@q@{@ACIIi@Y]d@MDOACSMSmEiDoBmBaBmB{AuBSYw@yASQQICG@RFLdA~@nBxCrBbC|@~@z@t@jDjCXVL\ATGF}CpA{Ad@y@PsAn@cHvCuAn@oBfAyDfC]LeAR_@JeAl@q@T[PURU\WVeDhCkDzDs@n@cJ`HoIhGeC|AsDfCg@`@o@p@sAbAsHrE{CvB_BnAmC|BuHtGi@j@?PFPv@`Bb@fAb@xB\~@zPr]Vp@n@rBd@fAV`@h@n@v@jAjBfE^~@fEvLtA~DH^AFIJ{CvBsBlAmMnI_CxB_KdH{DpC_An@}BzBKPGVVpKPpECbDL`I?dAW`FKdKIdAk@lFSfCK`BGrB@`JIxIFf`@AnCMdCu@fJG~Bo@pIK~BCpCB^PPtCl@JDFHBXCxJDt@P`@XR\Dl@@VHHPDp@DjEDpAEhIApHDd`@KbD?`AExCJxR?tYBdO?zFRnKABC@YGuA?u@Gg@@aAEM@NbB@tFDJJHPDn@BNHJRFd@LrBJtD@`EAXETKL_@FmHHIHEP?dBIBe@@
10656591787,{kncFjrcgV@CG@AH@XP`@Pr@JH\BRNR@hAK`@INIBW@aBDUFERA`APHJBROrB@|@FjAFXFJHFVDjA?nBNtAZ~Ad@nAn@`Aj@|@r@~@|@dA|@vAr@b@Pl@LhALz@?bFk@lC_@pF}@`Ba@jCw@H?f@IN@DDDN?h@PnB`@`HF|AFnDZdHJvFtAlOt@pFhBnLr@jDz@jEfAbEh@xAFHNJb@B~ESlEaAbHgBPHVrANb@NT|ElEfGjFv@x@p@x@PNTHTDV?`@CTIbB_ARGN@TDJL
10656591861,w|hcF~~}fVCc@DGNGjDM\IPIVWn@cAj@oAHW?OIMgAgAu@{@sBsBUMOGQDkAt@k@Hg@R]RMNKbAKp@q@vC_@bCK^EJKBi@UsAqASK]Fi@@QBMHOPeAzCgDxI_@dAwAxC]bAgChGaDnIsA|Dk@lAyCxFWl@mChFkBlEm@tBk@xCOvBUbNKpMBzEHrBT~B\fCfAtG^dBXfAh@~Af@fAfAjBJ^?HITiAbBm@fAYt@_@pAqA|Ga@jBO^GDQBcA]uBW_AGcB?gBF}BZq@ReCpA_C`Ae@Vc@Xc@P]JmBz@aDnAeA\eAb@sElAyDn@mBd@sAT}@JoB`@qAHk@Eq@Gy@Si@ScAg@e@YsCcCc@[_Ak@uB}@cA[oASkAKcCEk@@}ALs@HmAZy@VgBv@Q@GCKQYiAK_AAm@FQDEbB[LGBEBOOcB?S@E
10627674579,gywbF`gmgVLFLCFE@K@y@JqA@gBC_@IOGCSEyA@kBHiBGoG@}EHk@EQGGIEIC[?qDIaO?u@D{@A{BAa@SwB?uAGMc@CuGFcFE}CB[EKOAYFuIE_E?mJAaADgD?gFA_AIm@@ILKp@KTKHSB[Ce@EWSm@EUCcIGy@W}ACi@?aBJW@@?@?e@K{@A{A@{IFuFMcKKmAC_AI{@UUQII?cEJiB?a@Bk@HoBh@_@FS@QAMMEIA]@qBCaG?_FD}A?iCIoHM}A[cBW}@e@eAu@mA}CeES_@k@s@{BcDy@cAsAqBoA_BeA}AiAgB_AuBgAkBaDoEaAmAYW{@m@c@e@m@y@_AaBmAcBy@sAeAuAcA_B}AwBwA}BaCiD_@e@w@mA{@iA}@aBc@q@Ym@wBkDk@eA}DoGmCqEiE{GcA{AgAoBuAeBcEoGaGyJaAwA}BuD}@kAeBoCUu@g@wAaAwBu@uBw@mBi@cB}@gCUg@o@iAgBeEg@sB_@s@sA{Da@{@k@_Bk@sAiDoJk@kA_BsEgC{Gu@uB[cAi@qAg@uAOg@aEqKgCaHi@qAs@sB}BwFsCeIw@oBQ_@c@c@q@YSCi@AwCe@aCS_@Ke@U{@u@_BuBgL_QcAsAm@o@eGaFkAgA}@eAs@eAc@s@iCyFg@_A}A{BmB}BuAwBwAqCi@}@MOe@[QOqAoBg@UOAQ@QHyDrDmDpCqBhBmBzAqJfIkAhAgA~@_@XUJoF`GkC`DiCpCk@h@_BhBaApAaA`A}@bAcEfE{E~DsAbAuChCiF`EaDnCuG|EyApAaCfBo@l@kAt@q@VkAZ_AR_@ByBFiCLmJRUBEDO@cBH{B@qDHwALcB@mDNi@Cs@MeCu@_AQUCkBE}AQkBCaAKSAQFMJqAnBi@f@SL_@JwD`@SLEF?JBHFDDE
10617843797,qxwbFpgmgV?B?CXMBU?}ECg@IOIEMCkABwAC_B@UEGGE]E_FHuCCKWI[EuCEkB@_FEWCIEIIEKE]A]?kFBuAIcJAeIC]Os@Eo@IO[OUC_ABcACgAFcD@iAA}DDSCQMEKC[BuDEyIDmJCy@GWa@y@Qe@E[EgAEWMKSCsG?wCBQAKGGOAWDkBEyEIkC@uAKkAEGSGYAyABmCL}CBy@ESIGGGYA]BiDHsBFyEAwJIcFEw@EYKK]GgA?wGBsDQ}@CaFYgB?c@Cu@BuKF{@Fo@P}G|CoBx@uPbIwCnAiAj@iElBeA`@mCtAmC|AaAf@_E~AkCtAsD`B{CjAu@RsCxA}DhBi@ZkFfC{CtAk@ReARa@NqAx@kIjGc@f@_@z@sBtG]~AGx@CfCCpE@xDAl@IjAQjB_@tBGZ]`A}AnDm@hB_@xAqB|F_CzHm@xBUbAGn@B\@DJDlAGj@@rAKz@BvAArAFTDhBj@v@NzAPxAFnBLbCMlBCvICrDBxDEfA@vCCzADx@?ZDR?hAEr@?~@Ev@?|@AlC?|@A~BBrBChBDz@EzA@bACpA@l@FhBC`@Dj@LtAn@fCdBvCfBdA`@nAXpAHx@@`@CVGbBm@hCi@DCBIh@KHE@CG_@g@qAcBmHa@oAWqAm@wBsBsJq@gD{@oDqBoJ[mBMqACcA?g@QeCM{DSwEIsCEcDKy@Mg@Qc@Qa@]g@o@i@aCcBc@e@]m@Ws@aAqDScAEc@DUDI\Sb@GT?^J\Tl@j@rD~Ct@\TF`@?`@CTGnEkB|@c@r@Wh@Qx@c@jCmAxDgB^O`@GzA?r@E`B@hBL`@XrASnCElDBdADfBCtFBdACrBDnAAdB@|BEnC?n@BxCAjEDtDIbA@xFEbCDtDClACXBHJ@HA~CDjFEpPH`FE`CAdCH`[AxEBlBAJB\@~E?fDClCDfBPhBAbABl@FNDDHBVBdA?|DGhC@jCGhH@^DNJDR?hBE~@BrAGL[HEB
10571609407,syhcFl}}fVFAZGd@?^EVG^U\c@hAuBFY?SQ[qBmByAqAo@cAKIS@QF[Ta@RiAb@s@ZWR_CbA_@NI@`AaCf@uAx@yA`@{@BUGIGAQJ[`@_CxDyApCcBnD]bAy@vBoAvCaA~C[v@m@vBaBnDmAxCyAhEgDzIILc@tAu@bB}ChG}AjDiCfFcAdCq@vBMl@Kx@QvCSrJG`GGrKDlCHvBJtAXxBhA~G`@pBp@|B`@jAf@bAfAhBJ`@EV_AlAc@t@a@x@Wn@WbAc@nCi@fC_@|AYn@GFIBIAcAYcB_@y@Io@CgA?sADcAH{@Lq@Na@NiCrAyB`A_B~@uAd@aGbCg@Z{A\gD`A}Ev@aDl@[NODmDf@m@Do@E{@Ky@Uk@S_@Qi@]yCoCe@_@k@[wB_Am@SmAYkASaAKy@CsABoAHyAPw@P_ATkBp@SFS?GEKWMk@MwAA]@UDGPIbBUPEDQCq@Iq@AIEA
10571609276,_ywbFfgmgVT?FCDSBmBGwC]_@YA_FFUBSHIVC\?xGCpICLMTI@SEkBqAqFuEqCwBgA_AaBmAg@e@uFmEoCqB_CkBsBwAg@e@eBsAiBsAmFkEe@c@MWCMA_@FiFCiCAcMCmBDeFGeKD}I?kIG{K@WLi@?YCo@Gm@g@_CIk@Em@@}NEaEBeMKuMF{C?iDGsDEoAWeBYoAk@}A_@q@sHuKsJyMo@eAyAyC_A}AsEkG[[gAy@c@i@kCaE{PwVk@}@eBeCaNiUqG}JwEwH}CmEaMgS}CwEwAcCe@eAk@aBq@aB{@oCu@aB}AeEyAqCyAqDY_AIi@i@_BcA_CwBkFyAeEcFsMqD{Ju@uBuBoFSq@kDeJ_AqBc@sAKSOQIEKAkANqETiCVoBL}@JsEVuCZmS|AiALuDr@cDv@mDdAcIpBoCx@gBn@aCj@oDdAoCr@_Dp@qAZw@JqCRiCBeBEkJs@oB?gAHw@Pu@T_@N[R}Ap@i@ZiBvA}D`CeDfBSJSBIAGGu@sAgC_EeB_CiBkC{BkDYi@qC{DgAeBkAeBqB{C_BuBgAkA_@i@IUWQM@mA~@aAf@{Ab@{ARkDJeGVkBD{BJSC}BHcCDiCNwCDgDN{@AcAKu@OeBe@}@OaCIkHg@MHe@fAa@r@W\QPUJa@JeCPk@HWLGN?PFH
10566199728,qmzbFd}_gVBb@NTXFT?\LRBpBOjACd@CfA@rCKPEFEJSDk@B}ABIBCjES`EMpABPFFHJd@TlGDzBHvB?rDLtAEbEH~C@bAFhBFdGA`ARzEDfFVhI?p@K`@@f@Ch@GZO`@}BdD_HrIoBjCwF`HsM|PwAdBu@fAsChDu@`Ac@r@mBbCiBxByD`F_DpEI\@TFRV\pA|@f@j@`DjEfAfB|@jBdAjBdAvAlAnBtAfBfA`BzAlBbEhGfBvBx@~Af@dBP`AFp@@~AJnCBtHDpB?|BEdI@`EEzB@bGEjK?zBBf@Fn@d@lBHn@Br@Lh@LJTBzCGpG@`BGd@BzCC`KDxBCL@FHDzADzD?fGCdKHnFGtFDzA?|GAv@I\DtA@pDDfCAxFBdDApDFrEEzCF`CNzA@zBDNDD\DpEG`CBtCGp@?ZBhAEr@B|CET@NJHR@J@dDBvACJGDg@@GC
10565419501,kfjbF~vffVCJMX}@nAOf@g@|C_@bBc@|Ay@bBi@`@uAh@m@^qApAe@\g@Xq@z@]Vs@`@}@^eBdAqAh@SLs@~@MXCP@XHXP^d@b@~@j@^Nl@Jb@B`DFb@HTJ`Az@p@d@f@b@NTLb@XlCV~AHdA@h@E|@_@jDEtAKf@k@nAgBhE}@lB_BtCqAnB_B~CU^SL_@HiALmABYDmBfAcA`@SLq@l@W^UbASfBMVKHG?CCISQmAEw@[fBi@`Bc@p@MLMHSD{@CSEOIOOMUiAeC_@k@[UiA_@i@O_@A{AZ}AJ_BRa@Ak@M_@SgA{AWUSGSB]PWVkBtC{DpEm@|@a@|@Wv@w@|Cu@pDY|@Q^_BxB]Z]TUFU@eBMkBBc@CwASg@@SFQJ_BvASJgA\wAdA]Rm@LeDZgAHo@?WCw@Oa@CuBJWCy@Qc@G_@D[LUDyBESBSLs@v@a@f@Wb@i@jA_@n@uCpDgAdBSl@EZEpAEZK^Wj@_AhA_@l@]r@g@nAc@v@qApDkAxDWnBSbDGxAGlDItB@dAJtC\vCVrADh@UpGIr@Sl@[j@Y^sBhBOHsDfAmAPyAh@iBh@QJ]T[Hk@Ck@KuAc@_Bu@GQA[B]No@Ak@]TELCTKrDKjBMlEKjGIdACHEDUBcEWkAASBGDMNCZEvAK~CETCFGBm@?kDU_A?k@D]J_BhA[P_AZk@`@E@E?SUcAqAS_@cBgDq@{A]_Ae@eBo@}Ee@wBk@mBWq@[m@{BwDaJkNgBaDyCiGgB}Cg@q@mDcEiGiImAiBcBsCa@g@O]Ss@S]GAQJc@h@cEhGaEtGmFhHaBtBw@r@_CfBoFjEaBhAgCpBGRoBtAiNzKiApAeBxBwBhCoKfN_@b@_EzDgDvC{IpI_GnFe@\I@GAc@u@yBqEoCqFiB{DgG_Mm@sAEU?ITgAHgAAeAImAyAuJk@wCW_Ci@sCm@gEW}BEQICg@Pg@?s@RiEdA}Bx@{B~@yBtAuBlBWV[h@EP?N
10565419700,kivbFzftfVCBMr@AJBJlC`FLLF@F@NEn@_@X]Zq@^oAD[@YIg@WaACU@IN]h@s@P_@Lw@DkAf@{AV}@LSlAsAdBcBhAs@r@[rBi@j@G\@ZNPFbB@f@DZFdAb@rARp@@`@GHENQHUHm@`@m@\s@NMp@_@v@q@z@gAz@{@h@s@^y@Py@@_@G{A?k@BYRmADy@DUJSb@e@RQn@_@TWRWVe@nAsCNg@FYLaA@YSoA?]Z_CB[AYQ}@Cc@DUHS\_@JQFWBYC[EMOW]g@IQAYH]nAmDp@cBt@_CBQAUOkADWV_@r@s@F?DLFh@FNBBJANOTe@Ja@b@}Cr@qBZs@p@}@h@gANSf@a@t@s@VOF?NBh@h@RH\BREh@WxAk@bBy@tAmAf@Yd@KlADb@CvCoA~Bu@jB{@dASdA]bB_@FKPe@CGCA[BDIXUf@GNGLOf@}@LKt@[t@W^WtA{A~@}AHWB]AmAJeA@uAFgACkADg@j@wAx@uAf@sAZm@d@oBPWZWZEZB|DzAbDl@JFXh@p@v@NLJD|@JrAl@~Ab@`@DT@^Gr@a@j@SdAQzAk@l@Iz@[xAW^M\Uv@w@bAs@dAoAACN_@HgABkBJwA@y@Eu@[}A_@yCGuCHgCRkB@}CJyC^uCXgArAgEb@iAh@eA\}@n@sAfA{A`@y@Ru@NqBLg@Rg@Ta@h@s@bCwCVa@nAkC`@g@`@a@ZU`@O^AbBBNC\ONCZ@\Dr@RTBnBI`@Bl@Jb@D^?fAMfAGpBW^K|BwAxAi@bBuA`@SVCV?hBVb@AlAG|AJn@E^M\WhAsAd@o@Ra@Ng@RuA~@cENi@`AmCfDgEz@_AzAcCn@q@VM`@ENDNLn@~@^b@\P`@Fp@?hBWfBIfAST?x@Rt@Zf@\V^dA|BNTNRRJTF^BVA^IRQFIhAuCNo@Dg@BKDNTdCFNJ?NMJWXsCJ[R_@`Aq@t@Mn@YZS`@a@PKPEr@@z@I`ASTIPMNUfBcDlAeBxAmCn@qAvAmD~@mBNk@NkBPu@Lw@F}@?i@IeAIyAUwCYwAMWQU_AeAiAiAQMSKa@E}ADy@Do@?c@C_@McAy@OSMUMa@EU?UDWHWR_@NSXY~Aq@dBeAhAc@h@WPQl@y@fAq@vC{BhAe@^Yx@oARi@`@_Bp@cEPy@HYTa@p@eAr@sA@EINQPSZ
10565419779,yurbFfhzfVy@f@y@XSLMP?L^z@`AxA?HO\CDGEKMy@sAs@{@?CQWWWq@e@gAg@a@UiA{@_DuBcCqBaB_BqCsDaBiCe@y@w@aB{AeC_BuCoBcDsBoDuOwWUq@{@iBQg@Mw@GkAA}@F_A~@iHPeBViBHy@FyAEkCI_AM{@q@qCk@qA{CuFwBeEmAsBy@_Bw@mAcAmB}D{F_@q@sAuBiB}CaB}CoBeDs@gAaBwCy@aBgAoBWm@AGBITUD[
10554168938,grqbFzwggVESU@QFWRcAdA_@JaBJyDCkA@{@CSOEOImD?eAGaAQ]eAcAMUY{@U[QI]GaDKy@@mBA_EJi@Di@Ja@NMNIb@KbCDlHC`ECt@CFEDS@_BE{BBeADmCEaCHuA?gBFkDAyA@yAAsE@_AAIDCNBbBCdE?pZIfFAfIDpEDdICjI@fFF|HRrILnCJlFBtCDpCNxC?`BCTEDe@FoDH}BAsSDgBD{CCyAQg@Ek@?WAgB@eACqKB}LLoCAmFBg@GMKCIA[BuBCiBDy@CMS?S@IBIFUGQAaB@}BCQDaA?gCGeA@wF@@Db@En@?pGF|BHVBRHFFFV@tEDbADJD@v@FRBFDHPPnDATELg@BgH?mB@]DOJEHCb@@xBDLRJDNB`HFHr@B
10553834815,qywbFpgmgVd@AFCDIBmAHs@?gC@SHMHERCnGE\EFEHS@i@IgCKkAAcAGg@Ke@MO}@KOMCIEi@AmFCSGOGGI?p@CjA@rAKXBj@RNKRGT?@EIo@Cy@MeICqFBoFA}DEsB?iPB_FEyFDaD@mHDg@HSHGFCTC`A@rCEhH?pBDhFItA@fCN~AEtB?NCxAKlAC~C?lDGrGAhEElKFz@EvG@zEIfFBxDAv@CbADpB@rFOvA@~@B~@EbADpACpDD|CKzBAJBz@Gv@@z@C|CFzB@xCOpAAXDLELMHY@_@CsAA}D@}@Fe@Ha@Pa@x@eA\k@Ne@J{@F_GA}DFs@T}AFs@AoAEYGM[]cBoAa@e@IWAY@wCCcF@MJI~@MvAIPIDK@a@Fk@Rq@?QOKm@OYCy@AqAg@q@_@m@m@k@]cDaB_C_Ae@EcBLGAMES_@QaAA]JoAEg@Mc@i@y@cAgAqBgB}CyBsBmBcAk@i@OSEc@@s@FcCf@iBj@g@J_@Bo@Ay@Mi@K[S[Ys@}@k@cAWo@Ma@[yBEwAGq@Am@@yACi@UmAG{@GUWe@k@m@KM}@aB}@yBBN^nA`@`A`@t@nAfBJTLb@T|ABnBPpDTzCNz@P`@LRlA~A\`@ZR`@Lv@FbA?v@KlAYnA_@vAQb@E`@?^F\JRJzAjArBlArBtAxBdB|AtAR`@Xx@Bb@E`A@j@Vz@HPJJLBf@Cb@?T@PBz@\rAr@lAf@vAt@f@Zj@d@XNzBt@`AB^L`@VBLUnACj@GHUFiA@g@D[JYRIJGb@?`EFfEH\LP`Ar@hA`AXLXb@PN
10547114045,q`zbF`_`gVFDh@LjAJ\?\IJSJq@CyBFOJEx@GnKQRBHDLNBJLnANzE?nBDnABrCH`C?t@ElB?pARrJDdF?dDJhFDl@?l@NhH@`DMbAMf@S^yBbC[f@cK`Ni@l@oArAm@z@uA`Ba@p@_IvJ}@zAuB`CaAxAcCvCINEXgAhAqEjFm@~@mEbGg@`Au@dAEH?TFPTVrAbAr@n@nD|E|@xAnAjCh@|@zDlFxB~Cn@v@bB`CZf@b@f@jBlC|AbCd@`ARl@d@vCBh@?pAHhB@bFGxGD`BCtABhAA~B@lABXEnA@pGAtQ@|AHjAFRVb@L`@NbBPRPFhBF~H@|AIrED~BEfB@dFCx@BFBDH@REzDDlHAxLApAHjc@C|IBvCAh@?zBFfEBrHBXPvAJpBDDFD`@DpDEh@EdCChC@fEGlCFZDLJD\@vCEr@?l@CLEDg@C
10547113988,ghcdFlnmiV@Bc@Xi@t@YVkAv@mA|@]\e@\IBMCOHQPHRb@b@\l@d@|@Xv@k@v@s@r@EPl@c@v@s@t@[HG@E
10547114023,a~teFbc`jVKDvC}CbA{@FCB@PI\g@tC_D~C{Dh@m@lAy@n@YxAi@b@Uj@_@VWbCxC|@x@LNbAzAJZd@hAjAdAhAvA|@tAt@vAh@d@jAbB|@~@f@x@fAxAHN?HLTp@t@tAdBHN?VLd@ZBLM|AkCn@{Ah@_AZ]fAqBb@s@jCoCdB{Br@y@hA_ARMHCPBTRhDfEfBfC^`@x@`Bt@lA`EfF\`@XVH@FGbBqCpCoDJCB@V\~@DLJVD
10547113998,_tneFlwcjVADG@i@D}@CSCMQSyAYoH?gGMkEAmDQyCc@qKKiFEMOEsCLi@?k@Hm@BcCFy@J}CJ{A?_@ESAsDVSC[Ya@KUO}@eAkC}DqB}B{BuC}CiEsA{AwAuBwBgDcHgJuBiDa@g@g@y@i@q@}@cBq@aAg@_@kB}Bc@q@e@e@{AmCaB_CgByBOOWQo@y@Yg@q@uAi@w@c@}@]iAG]Eo@IOGE_@EuA@y@GmBKuT_AoBE}@?m@BkANgC`@g@Ts@`@iAz@u@x@qDpEu@r@g@\]PaC|@]RSNkBvByBlCeDfDa@j@wAlA]`@]XWNWBIDUZ
10392534560,g|wbFnhmgVBAHm@DkBCoDCKGEc@EaBBuFAsHDo@CSGIGIYCyG@uCIsEDuIEeGBuHEcJ@}AGqH@mHE_KBuEAy@BiFCeABm@AeAByECgB?_GEuCBiEEmB?aEDSPGfCCnCGjB@dACbC@v@AfDBbBAzABfAFRFJNF`@LxC\bEHdDJfB?bCQhCOvECrBAPKJOByA?uBHq@Cg@Gs@VSDiA@uAL]AmAMsAIkAAsAGgBDaBCm@GgACcFJ}AHcBF}G?mBDyE?kBFkAMa@KGGKYG{@YaBM}ACcHBiPGuE@wICiCIiCHaHAuDMyBMw@a@}Ay@cBs@mAsCsDg@oA}BqCcGmIy@_Aw@mAe@{@y@oBkAqByDkFc@e@oAaAOQIU@IDI|@_Al@cAz@cAbBcCxAcBjA}AfDcEvDcFvCqDxAqBp@{@fAiAp@cAjE{FlDgE|AwBr@iAr@y@j@k@j@w@hAuAlBkCjAuAbAuALWHUHmA?i@MwCG}GQeEOmOI{AIkEAMF{ALyA@uBAwBSeKEo@Ou@Q_ECOQUSGkAEm@Oa@QsA}@_@Oc@Iy@AcCZQJEHCXLhF?l@AXCDIDk@B]HILC`@ITMF[FCB
10377351062,ilncFvrcgVDd@P~@DNLFf@BNLH@fBKTCNGDGDi@?yA?IJKFCR@z@VFH@RUzB?r@FjAHTNPVHlBFz@JfB\lA\hAh@zAz@lA~@|AvAp@d@~@d@j@Pv@Nl@Fz@DfBMdAU~@Gt@ObBStDq@l@Oj@I~@UjDcANCJDDL@|@VnC^xIFlC\pHHxG`AbK|@vHlBnM|BdLj@tBh@dBP^LPPJRDV@xCShAGtEaA`G{ARIFF@DLr@V|@R\p@f@`DvC|@|@tE|DbB`Bp@f@PJTFd@An@O|Aw@J@HHPh@jB|EtAjCf@hAlAtDl@tATp@nAzEz@xBb@xANv@NrADvAGpBQzAYnAa@lAWn@sAfC}AlCwB~DGFEAIHwAhCk@xAcA`DMj@YbBOdAGz@?hAF|BLtAX~ARt@p@zAx@tAr@z@|@x@p@f@hBjA\ZtAtAj@dAj@|Ax@fDdBdGTjAj@zBdA~Cd@fAdAdDXr@\r@|@dCrAfDTJl@MLFBDL`AH`@nB`GV~@b@fAH^?n@FLJFLAvA}@tEcDjBoANCR@NC^ObAq@`@QlAWbBc@fJgDlFiBhAe@jE{AjA[pAMt@?`AHfH~@dFl@nBXJDNRFBRCVOJCx@DbA@hDG`@@zAPpE\|DH`@CfBYxAM|BAnACh@EfAOr@E^Bn@LfDVl@B`ACjHDbCY`ACdBHtALlAFbCE`F@nBH|@EhAQhBC|B@z@DhD?|BDdBEpB?hAInAAz@GhAH|BFnAG|@Od@ApB?dAJpAAz@DbDDzDGLGJM\u@`B}FNYfAeEj@gBt@eDJSLKHAPH~@z@h@T^HvAFdEAzDDvAEvA@vAEdDBdEE~G?lDCdCDr@Ch@DnAAb@Bp@ITDnA@pI?zEB`DGxK@vEAzCEh@MrAc@n@]zCmArBoA\Q~TwIr@OrAMzAS|A[ZOZWbDmEPOFCHAPF~@r@bE|D`Ar@fCvB|JnHtO`M`@VNFHLrAhAxCxBdBvAv@j@jFlEZT|At@~AfAF@b@BJOBK@_@CeDBULMPAl@?fEGlA@pEE~@BjA@vCEZBFBHN@VBnCChBCFGBa@@
10377350842,iywbFhgmgVJAX@FCBIC_GASq@]K?oB?iBBQ@ODKNId@AtD@rJEfAEXOLI@UEiH}FoEiDq@k@yB}AcEqD}B_BcCuBqCuBkBaBsFmEeHgFmDmCoAiAwFsEgIeGiAi@_@]e@GYVaDlE[\ULa@LeAVu@JgAJ{@LiAXaSxHcAd@qBlAy@VwAn@kC`Ai@LoI?cBDgAEoUByH?k@C{A@g@A_AD_A@kAAoHBsIAsEBcBA}@BsHB_CEkC?c@Aa@MUMy@q@]USGS@IDMPg@rAWv@}AjFu@zB_AzDa@rCCLIBmAAaFBy@?{@E_BAw@Iw@AyABo@H_BJiAGu@AoAIkAHyADsODgAEoACcAKe@?oABsCT}@Dg@@oFI{EAaAGeBS[A}@JcBHwMDwAIwAUc@CW@y@Pq@FcEFaE`@k@BkBC{BIwCSsD_@sCHwACKDCLOJK?MCW[ICuEq@wMcBg@C{@Dm@Fm@NaFdBeE~AsMtEw@TkCj@WH{@n@i@VUHm@H_@PgFtDaBpA_@^E@Mi@MWYa@]{@wAiF_@gA]qAc@eA]eAsAmD{AyDeCgHW_Aw@iD_BeGgAoDe@kBa@iAUc@oA{A_@YuCgBq@e@q@m@]_@{@}Ae@sAs@}COoAIiB?kARwBb@oBPg@`@_A`B_Dt@}AvB{DxC{FlAgCZaATcA\sCFUBw@CoBKyASsAa@yAwA_EUu@u@_BQe@Qm@Ik@kByFg@iAuAsDcB{Da@oA_DoIg@}Ag@_Cc@{CCk@QmAKoAeAiHi@mE_@qDGiB?{AJeBRcBlBgInA_FPg@zBgJdAqFRcBHiAB}@@{AA}@E{@WcBKoCKi@KOIEICUAW@gCZcDXiABsACoCYy@OeBa@cBq@}Bk@yAS{@Gc@AuCJy@F}@J{@VoDdBmBx@eAp@u@PoEpB}Al@qBn@iD~@gFdAyA^}AXk@?sCh@m@Fc@@c@Cy@Mm@Qu@Yu@a@eDsCgAu@i@[w@_@w@YmA_@gAS_CSuA?SCS@cBPmB^cAZgBv@QDGAGCIOSo@MeAG_ADSFERGjAMNGHK@UKm@Gu@
10377350831,ygybFfeagVBKDbD?bANhGBfBDv@BtBHdBBhBA~@BxBKt@M`@SZw@bAsAnBgEvF_BnBeBjBkA|AgApAoBrCcBlBu@`AwAzBq@p@cCxC{AnBw@jA}BhCoDbFaCpCeDjEs@v@w@bA]Z{@~AIVAXFXLTzBxBbB`CnA|An@fAz@lBnAxBdApAfBpCxDfFrBzCbFdHXf@Vl@f@~ANl@F`@T`GBdHN~BIzBA~B?tCElG@xKCjH@pED|@XbAVhAD^@`@HZJLNJZDtBAfEF`HE|AEfC@h@BVAh@B`@Cz@At@BpB?NBJLHhDClA@nD@r@C~ADlSCtB?bAFzI?hJ@rCCxJHdLEtDDhAPfB@`CBVHNPDt@EzAArCBv@CjABbACjB@tFGTBFBNLFRHtCE~Ba@DIF
10361290331,qywbFpgmgV@@\BJAHg@AeAFg@@c@?kBGUUIu@CqDAi@@QDKPCZ?x@EvC@tAAxFErACVKNQBSEyC_C{AoA_DaC}CgCoB{AgDsCqA{@uAqAcAu@o@k@sCsBu@e@GKWYiHmF_CoBcA}@IMC]CoBA_FCiCDwEAiHB{CC}B@{EE}H?mJDcBEaEB}HIeAc@sCIsAAcF@cBEeDDgDA}FC{@?aACgBBqGLmFOaCCcCBqA?_CK{Bm@iCe@sAS_@u@iAi@q@{CmEiAuAoKcOy@yAg@oAw@wA_FyGs@u@m@a@OOMSES?IFSVW^i@^c@b@u@nAuAl@aAbBoB^i@xAiBn@}@tDwE`CcDrAsArAeBlDyEn@s@\k@jBgCnBeCrAyAbDoEZe@l@s@jBeCr@w@hAaBtBkCp@iALc@DcAKyBGuDAkBEaA?cAS_HGgHBQB@@D
10361290320,irtbFd`ogVa@OK@CDYzDGFc@U_BgAgDiBeBw@mAg@uAe@aBg@cCm@}FcAeIm@gBKoDKoE@mAGoAKgC_@yBg@gHmCeBgAoA}@aAaAgJiHmAcAIK?OFg@I{BB{@MuAIuE@c@Bg@FOTE^@
10361065650,qywbFlgmgVXMNCDI@M@gACoBDw@Yc@qCEk@?wAFOFEFEVCfE@vA?`FDlBC`ADfADXHTVZl@\x@n@`Az@xDzCbA~@|AjAzBhB`DtBhCrAjCdAr@RnCj@|Dh@bBJrBCfBFdCB`DJxBTjBTPDx@HrBZ`Cb@lAZrDhArAb@dCbAhDfBnCbBB?HQLcABy@@uAB]FIJ?j@Z
10354535300,ickbFjtigVh@b@p@PNJXj@FVAJOBGD@]AIQUu@g@UME?gA_AwGaFeDmCeBsAk@]kAc@w@m@?@Y?y@d@c@DyE@{CC}NDmHJcBAWCa@Ii@SwC}Ai@UoFqAmAc@wFsCkD}BSIKAW@KFSRiBfCeBlCSLo@v@sBnC}AzBSPcJ{@mA?iBCo@@UBSJg@t@]X_@La@B]DKHOVIB}@Ym@Mm@I}AEaHBqFAgDFOCqACmKHgBA}HB{AFyBGoCAoTBsEDkDToA@QA]DSHGFEJEZAl@FdMCrN@nBAdBBhFA`O@vABj@IpMILG@mC[mCQq@?a@JaC~@yF`Cg@Zq@d@_DrCaAt@wAn@aA\cATSJI\IFKNATFxDH`NAj@ELc@DeEB}BAqEF{AEOCOIGQEwBOwAEm@G_LCi@EMEE]AqNFa@CcAOaACa@EaDFaD@mH?}EEyJF_CDu@AYEOIKMAKDyDC{BKC]@SNIMSCaC@eBCRHFNCx@?hCDnBDHJFn@FRHDHFVXlFBbBCp@EPOJcGDi@D[HGDCH@hBGlBAdACDSBUA
10354155254,eywbFngmgVL@NGHU@{@RWNDZ@xFOTCHELOFUFy@DcC?_DK}CEo@G[OQGE{@KKEMUGg@@qFESOSCGjCHvA@^BFAPS\A@G@g@IuDIyBIyDCiG@mEA}C?{GBkDI_LAwIBcGH_C?gAH}DGeKB}EG}P@mEGgH@qFDgAJg@FEJCfHCnBCxIAlCC\CNELMDKBo@@qIBkBCwCAyG@kBH}AH{@f@oBMGW?Pw@Zk@Dg@@m@CwDBiSGkFB}NAmDFeTB}BIgBAeAHiC@cDFYFEHAbJ?VBTDtAr@JBJAHODk@@wG@}ABK@@J?~@ER@R`@bB~@n@j@b@XLPXj@VVRL`@HhBDz@NRHRZh@~Aj@pA`@fALVNRr@p@z@~@RJh@P^TnA~@`Az@v@j@PPLTHVRrAd@~BNjATn@LzAHj@JZFBjAOL@DBnAfB~@zBz@`BTp@J`@BVOxCAxBJnBPzANh@^bAZl@r@jAnBhE^h@v@x@Td@Jf@ZdC?zBHrA@hAHbANlALj@LZn@fAf@p@f@h@b@TbARz@Dd@C|@Of@OfAc@rAWr@G`@@VBd@L^PdHtEfFjEX^Xn@Jl@?\I`A@VZdAHRJJF@h@Ex@CR@VFfCjA`D`BZRb@b@\R`Cz@NB\EN@^FZJjBbAhAz@l@r@lA`BrDrFj@r@^p@vAzBnFvHdDrDjB|AdAt@`Ad@r@b@`Ad@nBp@fAXz@LlB`@r@FnADfEdAnFfA~Dl@rAHhC|@v@d@HERa@POZDp@NDBE`@aAx@@HBFPH~@NhAHh@B~@ArEX~FVb@Bz@Ax@Bl@HdAPt@N`@LxLhF|@f@d@`@n@z@t@~A|DbL^v@RRJAf@]h@IPGJQRi@V_@FQ?IGSq@mAIUEU?OFIDALDVRjAbAfD`DZPV@TEvBeA\IJ?RDtBfA^Jf@Dh@Af@Gb@MRMNWFOHu@x@gBxAyDtAaDFMFGbCnBtAlAnAv@h@d@LJJR@NGH
10346184871,{kncFbscgVB`@LZBb@JRFDl@Hv@Ar@Ib@KFEJw@AuADOFER?t@RNLDTAZOfAAdABjAHd@JNFDRDx@AlBLtAVpA\zAl@rAv@|@p@|AxA`Ar@\Pt@Zr@PjAPt@Dt@A~B]z@Gz@ShAKbC_@tBg@B?D@f@KvF_BtEkB|@a@|A}@nBaAnBmAtBgAz@[p@Q\EbCMjA?`A?~@Hv@Lr@PdEtA|@TrB\hAJ`DHlAAhBMzC[RDLNFVRlCH`DC|BSnCWfBS`A{BrHm@zB_B|GcBnG]bBWpBGzA@~AJlCRpCZpCRpANlA`@jCVz@Jn@TvBl@hCh@jCh@vAp@dCh@~BlAtDlArCtAnDr@vAhAlCh@~ABN?Hj@nAd@z@Pb@n@~BXz@HPb@j@Th@Rn@Hb@\pCFt@?ZMpDGr@QhAk@nB_@x@eArBg@z@kAbB}@~AeBvEsBzDc@dAYx@i@vCO|AAf@@pAJ|BNrATv@\`At@zA`@t@bAlA^^zCvB|ApAj@n@b@t@j@~Ab@~AhAxDPn@Jv@Rl@zAzFfCvG~AtFnAhCn@bBVNd@OHBNv@`BnETfAPfAb@jAb@|AHTF?PItFwDtB}Ad@Uh@CPGZQhAu@\KpCk@nBm@xDyAzIwCfG}BdAYfAMr@A~@HhH`AjFl@rB\JFPTFDPGROPCdABzA?zBIT@`BXn@FjCLrEJh@ArEe@`DG`AGfAMt@C\Bn@NnAJbAFhCDxDAnBDl@E~Ba@TAR@n@JnALpAJj@@tCIlE?zBJv@CfASvAE\@t@F~@?t@DpACnI@hAB`BG~@?nAI`ADpBDn@Gx@Eb@IVA~@DnA?v@H~BBpDAz@@vBA\SPYN_@j@uBv@gCVa@pAiF`@oAl@iCN]LKF?NF|@t@j@\f@Jz@BdBCfHD~ACnB?jABlAC|EAl@ErEDvFEjCDdA?bABv@EpD?hAIrABtDBxKI`G@`DCbHA\Ad@M`E{A`@ErAs@z@m@`@UtBy@n@SbDqA`@UjA_@jFuB|Ac@`BQvASrBo@ZQb@e@nA}A|@wAJIJERFbAx@`C`BvLrJj@`@`CjBx@t@hKdIjBdBz@l@X^`@`@JP\L|Az@`DlC~@|@hAt@j@t@d@\Z`@r@\v@h@XT`@h@VTRJ\\LFLCJDLNZVD@
10346184920,uwxbF|`mgVJCBGD_@A[CCKEYDSHQNe@p@IDKCU[YWiBuA{CoB}DeDcBsAMWKIyFiEqBcBeCeBQW}A_AgFkEyJ{HkBqAeBaAmA{@_@Ea@b@cCpDYZ]R_@La@HqAT{BXyAXoTpI}BpAaDrAkC`Ak@LcEA_CDcD@uY@wEAqCE_ABaBBcQ@kBBoACmIFa@CyADmC@uDIoB@_@EUG]SoAcAi@G[TMRqBrGcAtDk@dB[nAKh@_@lCELGBoDCqDDoAGkAAiAKmBA_@@i@JuAJiEQmAJqBDkD@oBC{FBcAG}@AiAKcBBu@JwBLsBDaEKqBAeABcAAsCY]Ag@BsALmBJsCAw@CgEDu@Ay@KmAUi@CWBk@Lg@DkAFyA?m@@{@HeC\i@@}BEsCOaCO{C_@W@g@Fu@BqBCIBED@FOHS?SKSWKC}AQmHeA}Ek@kAMw@?w@F_ATsX|J_D~@iB^]LgAt@]PUF_@DUFyGxEkA~@UVC?]_Aa@g@]y@o@gCg@}Bc@wA_AeCeAaCmByEuCyImA}E_EaOSq@c@gASa@_@g@w@{@iAq@oBqAo@g@c@a@y@eAq@qAk@}A_@}AYoBIkBJmBZwBXiAb@eAbB}CjAcCh@_A~EmJx@cBj@}AZiAHg@T}BD}@EcCIcAQ{A[sAe@mA_@uAwBaFQk@Fa@EOeBaEiAuCe@{AiAsCa@oAg@aAU}@gAmCmBsF_@kAUmAi@wDUeCkB{MUkBWsCEwABWAwAFmAJs@\eBrAiFxAkGxCqLf@cCb@_DNmBB_CGgFKeCFWIaAGWCESDwBr@gGn@oBBaBKeC_@{A_@q@So@[oBg@qB_@k@EkAEcBFkAHeBRi@PuDjBsAh@sAv@i@JYJ{B`AuBbAmAb@QDkAd@mD`A{AXeCb@mAXcBZ{@HsB`@}@H]@k@Cu@Kk@Ok@QcAm@aDoCeBeAoB_AgA[uBa@}@IkAEwAAqAJyCl@sAb@eAb@QDGAGEKQUeAOiAA_@FQLIfAQVIJIDMAGEg@G{@@G
10346184827,mlncFtqcgVFp@L\Hj@DNTNl@LhAIp@MNIL_@@MCkA@MBCJCL@jAVBAFL@PSlBEjCDTJPHDTD`B?hAHbBXpA`@tAn@xA|@h@b@xBtB~@l@p@Xz@T|@Nr@Dn@?p@GlAOlCe@tEk@bDo@jEiAlCaA|CoA`B_An@YlEgCfCoAdA]fAQxBM|@Ab@@vAJ|@PjAXtC~@lBh@fARzBV~AF`BEdAEpCYn@CV@NJDHDZTfDFjB?zACx@QxBQnA]hBcD~KeBlHwAtFc@nBQdBIpAA~@?bBNtC`AtIp@zE^jBTpBp@dDx@lDzA|Ez@|Cv@bCd@nAv@bBp@jBlBxDvAbEz@rBpAdFj@hA\|@XpAXrBFz@BlAGjBKjA_@bB[`Ae@fA_AdBgAbBeAnB_@n@Yp@U~@a@hAMVu@hAs@pAu@~AWz@YpASzAOZANB|CNtCNd@Jn@Vv@z@lBhAlBVXx@r@lCdB`Av@dAfARZVh@\x@Tt@xBpI^~AT~AZbA~@~BhA|Cr@xBr@|A|@lCjA|CNTNFPEVIH@LrAb@dAjA|Bv@xCXx@N~@HRJFL?jC}ArF_EVI`@GVGlBeA~A]`Co@nE_BtMuE~D{Ap@OrAOp@@jBRfQ~BPFPTJFPEZSLAxADjCCdBHvACxDf@rAFrBB`@ApC_@|@ExBCjAEh@EfAQd@Ed@BdCb@ZDfC?tBC~A@jADbAChD[T@dAN|@DdBDlIAvBJ|AKdAQb@Cz@@`AFtAAx@BdACpCFtF@dEMhAGV?~@LnABnBM`AMt@Cx@BjANT@lAAlBDfGA`@AF@LM^y@r@iCZ}@Pq@^eAb@mBtA_FXmAPe@JKDANDlA~@j@XVD`BDtD@fBCjB@dACnCApIB`ABdDGjHAzED|AChDBxDKrJD|HCdA?f@BvCCfECtB@p@ATEx@W`DwAvAi@|BsAl@QbDsAnAa@~CsAhFqBnA[fCWx@MdBi@RMPOtAqBdAyANOREPBRLjA`AjBvAnEtDx@j@bA|@rDhCjElDjCzBtB~Az@t@`At@nAdAbDbCdAn@vAfAvAtA~BfBbA`ApA|@zA|@zAnAl@VPBPCLOBKB]CoA?yADWLKTCvB?z@CbDAl@C|FAdBGbABT@RFJNBTAt@B`BC`ABd@CJED[@KH
10339939509,yjjcFt|bgVOXIJWAOJqB~CWj@k@fB}@tEGt@Ql@S`AGl@}DcAoAS_@EkAC{BF{@FwAR]J_@LaDdBuB|@aAj@eAXyEtB}Al@e@Lo@VaDx@yBd@{B`@sA\{AVi@?QBqCj@_AB_AG_AOq@Uo@[e@YeC}Bu@k@m@_@m@]oAg@wAc@gASyBSqC?wC\{@P{@To@VeAh@UBEAIO[yAIoA@YDMDEhB_@PM@MKwA@Y
10339939527,sywbFpgmgVp@QFO@u@H{AAsBEWIIQEqBC{ABoA?KDMPEb@BbHAdIGb@KPQBSGcBuAsAcAaBuAwEoDi@i@gH{Fa@a@w@e@aCoBw@i@aFwDSU[WyDsCmDwCiIkGwBgBsDqCy@w@o@c@eDmCcAk@sCwB]@[Ne@v@uAlBo@v@a@^_@LiB\k@Fm@D}AT]HuJtDqAj@iG`CcGlD{@VeBr@UD{B?aAOyDCsA@g@BuBByM@gDDeFAeFIeCFmKEyIBoIAcA@gDCyCDcEAi@E_@K[QkA_ASKS?IBONs@lB_@hAqAzEGFw@hCu@vC_@tCGNE@i@A_CAkDBaAG}A?y@IaBAiA@e@HyAJ_AGeAA}@GmAHcA?c@BcABaNA_AEgAC}@KuAAa@@q@Jw@B}@JqL?sACaACgBQq@CsDVsK@yAGcCSe@Ca@Bg@HeBJmCBsBPgBVQ?yDIsE[uBU_AG{AHgCCMDEJILSASG]_@UEaR{B_AI}@AgAL}@T}UxIsC|@wBj@{AZiBdASFs@HyEhDcClBc@b@EEAc@Ia@GOUSKOiA}DkBeIc@cA}@aB_ByCk@wAiA_Ds@{BgB}Go@oAQa@i@sB
10335548638,glncFvrcgVDb@NVFp@FLJF\?ZJj@Kl@Cd@GLGNaACkABIDCZAx@RHN@XO|B?bBD^HNNNTFtA?tAL|AZpA^t@\t@^hAr@v@p@nBhBhAp@j@Tl@NdANz@Db@?VCfC_@tFs@jFcAvCs@rC_ApEiB|BqA~BkAj@e@RMxCuAlAa@bAOnDOrABx@Fz@Nx@PrDnAbAXhBZhBPzAH~BE|AK`D[RBNLFXFj@HlBFpB@bCM~B[~BYvAaD`LsAxFoBvH_@nBSpBGx@Cz@@vBJbCR`CrApJl@dD`@`Dz@pEV`Af@zA|AtFhAhDnC`HxBdEzA~Et@fBVp@r@rCzAvDVdARrAHdABxACjAOfB[~A[`Ag@fAmA|B}CrFwA|CaCpEc@hAe@|AMh@UdBMfBAl@BfBFvANrA`@zAb@dA`A`Bz@dA`@`@n@h@fCbBbA|@n@r@d@z@j@zAbBjG~BlJ|CvIj@jAxApEpA`DJPLFN?^MLBBDNnAJb@fA|Cr@`Ch@rAJ`@Hp@FLJFL?b@]pBsAlFyDRG`@CTIlBiAzBe@bBe@`ZmKv@UbAMx@?x@HnBRdGz@tEj@dAPTVJFTGTQLCbBFvCE|@D~Gj@bADnB@^B`@CpASzAOj@ChBA~@Ex@GfAOf@CV@dATrBJdGBzBB`BEzAOv@EX@z@HxBHnNFnBIhAMd@AfA@|@LhA?p@D|JGnC@bAEp@ArAM^Bf@HdA@p@FxAKz@M|@AxABrAHhA@fADlH?TALCPM`@y@d@gBtAqEh@uB`AgDl@iCJUNMFAPBvAbAh@P^D~CBxHAxAG|@A|CDzC@~@CnJAdEC~BDhBJpAEzCC`AEpC?nBBzA?`ACnA@xEEhCAz@Fv@CzAB`AErFBl@C`AQdBu@dAa@z@UdBy@t@i@f@W~@]jBy@xAe@fAg@xCiArD_Bv@SxBS~@M|Bs@\Sb@a@x@cArAoBLKFCH@PHv@n@|AbApAhA`CdBtAfAh@\r@n@~@p@tBbB~@r@rEvDpFbEzAnAxB`BbA~@pDjCvBfBbBnAzAvA|BfBdAb@PLfA~@LDN?NEHMBg@GaC@g@BUDGNIpDInCCnCEfBB~AAh@AdA?nAHNFHLBHAvBDfAAbAEP_@DEF
10335176599,kywbFxgmgVZIDGBM@cAFu@EuBCe@m@U}FHMFM\CX?zKDpAGd@ElACXEJIDIBUGg@c@iDcC}@w@_CaBeB{Ai@Wy@q@oBqAaBsAeAeASQiAo@w@s@i@_@gAcAgD}BQMQUG]yDaDiBwAkDmCc@YkAaAgAu@_CkB}C_CeCsB_Ao@qCyB_EcCi@e@IEQB[ReDjE[ZSL_@Ny@T}@JwBRy@Nw@^mEzAoKfE}@ZaB`Ay@\ADYPgFnBo@JaE@oBEmFDgFCoF?_AAcMBoBAkKHsKAyABwCAgCDuEAkABsE@qBEgBAe@EWGUOw@u@OO@CUIODQLUb@a@dAkArDm@hC_AxCa@`BKj@SrBGPKDaACqG@iAEcB?w@G{C?aCRwBCwAIgAHcCJqFCiA@uAAwA@uAIcAAq@MYAcBDwD^{AB_CGgFAkBCiCWg@CwALsBJoB@}@AwB@}BBw@E{B[m@Ee@Bu@No@Hy@Bs@CuAFiEd@oDGeCKq@Iq@CaCU}AGwA@kBAIBCF[HKCa@YWK_AQoC_@qMuAsA?c@DuBh@_DzAmP`GkDbAcDr@{@j@i@XWHk@HSH_EnCwCbCYZG@GQKm@IOUSO_@q@aCi@gB{AaEQ{@mAsCgGePcA}De@uBk@{B_@gBeBeG_@y@CAI[IO[c@}@cAUS}AeAgAo@u@g@y@y@e@q@k@kAs@wBYsA]gCC]A}@JiBVcBVaAn@}A~BkE|@{A`@aAtAgCbCeFn@gAZq@d@}AReAX_CBq@GuCIiAYsBk@yBkAmDeBqDEOAs@}DgK_@oAy@sBqAwCa@qAa@aAq@_B_AiBu@gCKi@UkBKyACSDa@Mm@m@gFi@cDOsASiAo@aFGeC?m@JsB\mCn@yCbAmD~@cEnA}EtBoJTsANwAJqC?kBQuBOoEAUGOMOGEKCW?uARkCT{BViAB{@CkBUwAUoA]kBm@eBi@oB[iAKq@?kBBoALo@HeAV{@\_Ah@qB~@o@VuAt@_@Hk@R}@h@aBr@c@TiBn@y@P_AZcEbAeDn@mAZaBToDl@iBLkAEc@GaBo@s@c@mCeCgDsBa@QcA]eAUqASaAGqCEwALiB\iAXw@ViAn@Q@GAKQa@kBGk@Cm@BILK|ASLEFIBKIo@EgA
10330174389,yrtbFr_ogVMGOAK@GH@jAEt@Kx@CFC?oCgBsCyAgAi@iC_AgEsA_ASi@Is@SwDo@uGm@qCOeBEkB?aACu@@uACeDWmB[}Bk@MEWOqBo@wAm@]I_B_A_BkA_Ay@wDyCgA_AeBqAeA}@SSCG?KHMHIJ?ZLHAFKDUDmBF{@@MNYBOAiAEu@?o@E{@@o@Ae@EKGCY?ID
10324538983,upfcFr}ahVj@j@RCHMj@aCVq@Xe@bAwDd@kATu@\qA`@qAhB{HdA{CR{@RuAL[V@HD?B?CJAbBEpAKl@Mp@Bt@QlDGvAQnAGnBSp@?hAFpAAzAFXAbB[R?j@HVARGFGI?a@DEEb@KvCQhAOxBG`AGnAHhADb@Jh@DfAR`@NbAh@b@Pn@Nl@PhBZb@?p@ExA]r@GlA@nAFnBK~@O`@K^Sn@k@\O`@Cv@N`@@tBSlAGtA_@~Am@h@W\Uh@k@\U|Bw@bAi@x@YRIfFqDX]DSGc@[w@MEOBkAj@@BH?VIv@c@DGr@}BVqAj@yAtAuEt@gBTq@NWHGL?fCnAd@JdAPV@b@Cj@Oh@SZUV[xBqDn@aAvBuDRa@VgA|@kHl@qDdAiI`@kDPiAVeCd@qBl@_ATs@Nw@`@{CDi@@o@@SJQPKfAOnCM`DGxDFfAEzA@hAGjDJx@HvDf@`@B~C?`BFxC@fDC|AD\A\FP?z@?v@CpC@zCCl@BhDGb@Ct@SfBq@l@Q`@Ix@CjGCjCBdBAv@CxA?bGBl@AjIFxBGdFFtCAh@CvA@ZGJEJOFg@CkH@sDCaD?cCEoD@_GBwA@wF@e@BUJOPG`HElFM`D@~ABfCG`IB~@BhACxKDjBCpFRdB?dBCdCB~DE~C@v@B`ACxFDx@A`AEhE@nAEzC@~@ChBBdAD`CGnABpAAtF?nBAdACtC@dBAbACbABbAAzACbE?fAAdCBjHGhAE`@@r@H`J@rFErBDvACdB?tBO`AMb@@ZOFEJSFYJaA@c@@}HCmEBqJGiLDsCDWDKPMTClAIz@?LCLIFINm@PInBIpBCnAD|E@lACdE@tBEx@Qd@A\ENKJW@]I}@Ck@D}CFeACu@HsJ?uEHaF@_MB}@@eBPiI?}BFeBVgNNqODeKNoG?sALiI@iGPaKZaNVeEN}Cd@yG~@iQLk@FmCPuDTeDD]RwEXkENqAFMX]JSUc@WUwMaP}AeB{AoBmByBaAiA_A{@aGmHmByBy@eA}AgBkEkFoBsBg@c@eBeBqH}FM[AWDkDBKLCLBVNF@?B
10324095415,}qccF~lygVHMN_@VsAp@qBFe@HQDAJ@PHRCJ?`@Ld@Hn@Pz@NhAb@lAXXLHH@TIp@[vBS|@m@~Gm@|DMfBg@lCUfBsBhQ[tBe@~DoArJCT@`BRpBBjAAxBOjA?PUv@OnAw@vBSt@UvA_@|Ce@zCEl@CpASrB_@~C[tB[rCKh@k@|BQx@Cd@AnBEj@e@jEaBfMAv@_AzHYdBc@|A_@dAStAg@pBc@rDCz@Fh@Nf@JVZ`@f@ZpCz@v@P^LF??CIE_Ew@k@U]WMSSa@Sq@E[Cs@HsAAYMIc@Iy@YIQ?k@COCEEAMBGDIRCVAl@F~@Cf@GXM`@MNMHM?GEMS}@uBI[C[Aw@Bg@`@eCXkAHILCzARtBb@rBh@pJzBnATnCv@lCl@pB`@p@TD?GQQI_@M{@M[?GDMTGZw@fGGz@Al@NrAFfA?ZGh@Mf@[dA_@bAMXQRSNa@JU@y@GwBi@w@W}@QgAWqFw@cAIYIOWsAsEaBaFk@mAWEQDy@b@mCvBiBpAw@x@_@l@e@jAm@jB[xAKXUf@SNG@QCwAw@wAo@y@[k@]{Aq@cBaASCSDS\[dAc@jAqBrHOt@K|@GbBI`AOx@e@dBmAlEkBtH}@rBc@|AS`A}BxHMHOCYQSUKQ
10324095401,}{wbFfimgVLx@ThEJx@DnCAXCXKTOHKAMEuBsAoHyFaEeDmCqBm@k@gHaGcAq@eBwAoEiDmB_BiCkB{@s@oEiDgCwBoCoBgDkCkBoAgAaAsB}A{BoB_E_DuBiBqFiEiAw@}@u@qByAmDyCW]e@_@w@e@iA}@s@g@q@m@c@i@Wc@y@yBeF{RCk@GU_@cAsAwE_FsROi@e@kA_@sAMMMC_@JoB~@kBt@cB|@}D`BkCnAsAf@{@\iFhCOBQIMSK[eCiJk@qCqBaIg@_BoBkHs@sCIc@k@uBw@{C_@sAk@{B]iBKU{@{@We@?YDWTi@Zg@DO?W
10314015846,yvrbFbpqgVVZDBb@Q^WJCF?LLVb@DJBZMhBMvDQ`B[tF[jHIfAMl@OhAW\QDoLeAIBCJQrCKPOD_@?aBSqBMc@ISUm@oBMI[E[AgATm@Gw@B_@Dk@L[Be@AyAIeCLU?i@Ii@OYOe@_@_A}@k@_@wCmAyBc@iAKmBUwACi@Dg@@sBRoBXeDZmBLqDIgEa@s@AWDECCIA[c@IWAGBOLSDMFw@p@aAh@OD[Bw@IUKOYUcAIQa@U_@Ka@CqBHeDC_BF{BMoAQaDWAu@Be@DUKk@Ei@GkHBiB?iMBg@DYN_@NULe@CU]eAOy@Iy@CiADuIEaH@_GEcK@oECgB@qLDeBE}DFi@@qAIg@KYOSmBqAo@k@eBqAqCaC}BgB{@w@KMAKDIPGXDHIL_@Lw@PkD?}DEu@IOBaAEKS?ED
10314015829,oywbFfgmgV`@CFG@IJkE@eACMGE[CcC?gCFWHIPCh@BdA?fLHhECT@PNl@T\bAz@xAfAj@f@|@p@VNrAbAl@h@\\~BhBhDbCrAx@rAt@bBp@nBn@lCl@vDf@jBJ`BD`FBdAB`CN|BNzIlA`Cd@bAVtDlAbFvB|DxB|B~AnDrCnAx@ZVnDjDfBpBbCvCrArAbFdGp@`AfHrIjFrGdBnBt@dA`HtIR^EN[`@ULG?IKYYMULL@B
10312941694,_bxbFveagVQFCPu@F}CBwAFaB@yAHcCBs@Hw@LiFJgDN]CKLAV?z@BtAFdHBl@JpEH`GCfAG\Qf@Y`@sG`IwB`DoBhCsErFiBbCmA|AwA~AuArB}CvDaAtAwDbF}@dAi@r@o@r@k@t@s@z@}BbDeCzCeDvEKZANF\LPZT|@h@t@z@|EjHzAzC\l@|ApBrBtCjA|AzDxFjFhH^l@LV`@lA\nAJf@B\P`H@dECpDHtHCnI@fBIpO@rGDhAJnAFV^~@HbAJh@LJFDT@xBEpCDfFEbA@zAGnCA`DFlFGZFHLHlJAdHDbBCpODfF@xKBpBCjA?|FBnHEf@HbIEnFBj@LvADbCBVHRFDHDTBzAE|CB~AAhA@fBGf@BtGCTBNHDFDRDjDCj@?^AJCDi@R
10309141502,qkncFzqcgV@h@Ld@@b@DNBBLDb@Fp@Bx@GREHGVw@Bc@Ee@DSHCV?ZFRHLPBPOhC@tAFl@HPJNRDn@CdABz@HbB^vAd@zAr@hAt@|@r@lAjAp@f@`Ah@b@N^HfCTf@?bAExCc@dASnEm@fB[VM|Be@lBi@\EF?HDBJ@x@PtAH|@RzDL`DDlCV`GHdFDxAxA|Nd@nDNxAr@`Fj@lDdAvEz@rEh@nBf@zAR`@FHRJn@JlEYjAS~Cy@dGwADBTZHb@Vz@T^x@r@fD`D|G|FZ\l@v@RPTHb@HT@TCv@[lAs@HAND
10308682626,iywbFpgmgVd@MBEDQ@c@Ck@Dm@@eCAOGOg@S{@@eAF{@Hi@HWLQRK`@Kv@Gx@AjAH~G?z@El@Kh@MRQBG?]MiJkHmJ}HqAaA[]iDuCyC{BgBkAm@e@KU[WoDmCuGiFmG{EiGcF}BaBaBuAoA}@wCgBc@]EIa@CYV_A|A}ArBY\SLa@LoAVs@Hi@BkBXo@PgFvBmDpAq@XeC|@oBz@wBpAi@Lq@\cAb@eC`AUD_@BaC?uBBkC?wAEwBBkJAsG@oK?uACmGFuAAeGBgECaGFgEEuED{GAm@Ea@MoB}AIEKAMFMNu@rB]`AqAjEk@|AkAxE[lCEPIFuI@}@EiBAcAIoAAiA@s@LuAHmDOiAFwABe@DwFBuCEyC@m@EaAAeAKs@A_AB_AJkCPsA@uAEkBCwF@s@GyAQk@Ee@@{@JqBJmC@gACqEBwAK{AUk@EY@eARe@DoDHgFf@o@CmCEuBQ_BKaCWu@EsAFeCAODED@FUHM?KE_@[}@OqQ}B{@Go@?eAL_@HkUjIuBz@wA`@uEfAm@b@i@XWJm@H_@PmA|@qCfBaBnAk@l@GGGe@ISIMWSIQaA_Dk@aC{AyEoAsCeBgEkDiKw@oDy@eDmCoJe@qAMc@U_@e@k@m@q@i@_@{@g@wB{Aq@i@m@q@q@kAg@oAq@aC[qBGwABiAVaCRoAJe@t@oBnAyBzA_DzBcEhEmId@uAT_AHg@RqBFOB]GaDMaBOaA]wAo@iBc@eAgAgD]y@UmAaA{ByAuD[}@wAuD}@iCMSu@uB}BcGq@sB[_Bi@mDA_@SiAo@gGs@iFWqCa@sCGuABW@uAJaBLeAhCcLhAaErCyL\cB`@aDJuABgBOkBGcCKuBCk@Mk@EGOMUCK?}ATcEb@}AFoAAmBQgBWgAWcBk@eCs@iASmAMw@CyA@uAHqANaAV{CzA_CbAeAp@a@Dc@LgB|@{B~@yE`BkA\uAZeEv@aB^}Cd@wB`@qAHo@E}@Kk@Ok@U}@g@kEqDoAw@u@[i@SsBg@oASy@GuBG_@@cBLuATs@Ps@TiBv@Q@GCQ[Su@MsAAm@FOFCxAQJCFGDSMcB@K
10298800672,ykncFhrcgVCJA\HTLp@JPFBn@NP@dBSTKBKF}BDQBCL?~@XNLDTOnBBpBDh@JPFFFDTDvAAlAJdB^jAZtAl@xA|@n@f@~A|Al@d@ZRhAd@r@RbALv@@j@AdC[p@CZE~@QlEs@xFgAt@SbDeAzD_B|F}CfC{AfBy@|@[nAUZAXDfAI`AAl@@xALr@Lz@TvC`AvA`@vB^nAJvAHvBAlBObD[P@LLJd@PpCJfC?rBOfCQrAY|AkD`MaDdNc@xAOp@QxAS`DA~BJjCN`BXxB~@zG`@tBd@rDrA|GXz@lA~Dz@bDj@~A^r@`A~Bn@~AVr@z@dBn@zA`@rA\x@Lx@r@|AZx@^nAXnAVl@d@j@P`@h@fBP~@JdB@rAGjBQhBUhAY|@Wl@uAnCmAnBcApBa@t@]v@Qx@IT}ChFk@tA]hAQhAWdDB~DHtATdAh@xA|@hBx@rATX`@^l@d@bC`BbAx@v@~@b@v@r@hBxB`I^dBTxAf@lBhBzEr@tBr@`Ch@vApAnCn@bB\N`@QH@BDb@hBt@dBn@fBT|@n@fBLhAFLHFLApBgAxBwAjCoBPKr@IREz@c@d@]RIjCi@nC{@`MsEdBi@rEgBhA]t@M`@E^At@DfFv@`KnAz@PHFLRHBXAZURCzADxDIjCEf@HlB`@`AJt@B`C@fFg@dDA~@Iv@Of@E\@p@Hn@BxAPfADtF?fBDbAEnCYj@CZBx@PjDRvGIvBHt@?nAKr@KfBS\Bn@LpBFnDAnED`AA|@@|AG~@AVAx@MT?`AJ`BJvAGp@KVA~DHvAAn@@vFB`BBTAVMb@aAj@sBjAyDdAaEv@sCZsAPa@NKFAPF|@x@d@Z^Hh@Br@AzIB`BGtD?lFH~A?pBC|@E|IA~@BzBGV?BBb@DbCG~B@`BCfD@zDE~DBtAA~@BtBCb@DxBEtA@lCEfADtAA`@E^KjBw@vAi@dBu@`Ao@l@[lAg@tDsAnAk@tJwDf@M|@GxBW|@Sz@YXSNOdA}ArAgBLOPGN@FDj@`@hDtCzCvB`EjDjAz@~ArAbCfBvHhGlA~@fCtBXPRTt@l@fCbBzBpBpA`Af@h@v@n@z@v@|A~@|DnC`@LL?LEJQDg@CkA?uAHa@JKvEEhB@fFGlDApBBZDLL@HBV?bBBbAAdACNMB]@
10297175544,wywbFdgmgV`@@FCBMD_BD}@?_BC_@g@W[?iA@_DJUBILCREtBHnJEfDGXIFKBUCaIkGc@c@aD_CGMKKgC{BaIoGgAq@}@s@aBeAsBaB]_@kGoE_F_E_P}LuCaCwB}AiAq@_Am@g@e@OUK?WJQNmDnE[Z]PwDt@aBPeAXoLtEkDnA_Br@{A`A}@`@yAf@wCjAWFUDqAAoDH_BAk@BaACWCmCB}AAgD?uDDyEC{DBmCE{@@_BAaCDqP?sDFuH?m@CuBFoECcE@a@EUISMgA}@SMUIS@SLMVqAxDcAhDc@bAuAvFIh@Ex@In@GLKDqAAmGF{@GaBC_AGcCEW@u@NmAJcCIoAMqFVaC@qAAeA?qAFsBAw@GcAC}AOe@AcAFoD\{@BiCKmCEaDAmAEeBOu@AwHX{G@s@E{BYc@Ag@@_ALqAJeDB_CPu@L_@B{@E{@?}BEmCQsD[Y?_BH{BEKBGDADBDYBOE][KE{AMmPwBy@Go@?cAJk@L_Bj@sBz@wEdBmJfDcCt@yBj@aARcAn@i@VaALiCjBqEfDi@f@E?Ea@EOQW[Yk@cBe@_Bm@_DOc@a@_Ae@}AiBgEoAgDyAeE_@sA_@eAqAwFcF_PGi@_@m@iAoAg@]yDeC{@u@i@q@i@_Ae@qAg@gBQqAOaC?qAJaBFi@PeAVcAn@aBvA_Cp@}AnCcF`AsBdBaDn@qA\}@\{ALu@JcADeACcAGoAc@qDUaAk@cB{AoDg@gAIYKe@CWZYwDyIY{@uB}F_@w@Qu@_BqDoBuF]qA]mBOyAi@wD_@uBQwAMeBOcAU_COqBU}AMqAAy@D{BHaALs@nCiLPk@p@mCNaA`@mB\kAt@sCp@}C`@wCLcBBcBA{@Ci@SyAKwCM{@GWOQUIWEYAgC\iDVeADcA?uBWcBYiCo@y@[kBg@m@KkAOw@EcC@iCVcARs@VwEzBs@^o@`@kAZm@ZeBr@gFnBaDx@qCj@kBZ_B`@aBZiALoB`@w@Fa@?m@C_AMu@U}@c@w@k@iCyBoAu@kCkAwA]eAQqBQ_BGOCK?eD\o@LeAZyAt@SDG?GEIOU}@S_BA_@FODExASNGBEBYKgA?c@
10288021084,uuxbF`ztgVsAK@[L[`@?r@BLFBFBvE@dPAfBEpBFlBAzFDlFAfJBhECb@BzA?vLBhANl@DhAHPPLd@D`EC`BChK?rBGdA?zBFnB?~DC|D@jCCpC@nAExAHxA@jFGjE@LAREF@ZETML]d@mDDm@?oAEo@K_As@uCM{@Ek@o@wTIkEA}A[aOWiFCmBQwEC_CI}CTuI\{EDkA^eHDcBv@}P\sGNgBXsHJu@H{B@m@CcECcAA{@BoAA}@Gk@Mk@Oi@Wg@a@k@{@aAoAcBe@e@_@Uy@Y}@Oc@CwMB}@Ce@Ic@M_@Qi@a@]]Ya@c@}@I]Kk@MwAA]?aLCqF@gJGeFAiFFkHCqGDiFCmCHaADkDC_KSaJ?kVCeHHyECaCDo@AG]@ULaAMmBF}AEGD?FPVDZ?p@BjFDFJDn@DXHJPFXFbCLbBDdB@jCEjAIPGBSBcB@eBDsBCGHAP@nAAPGHWDMH
10281686095,sd{bFni~fVgC`B_@XSX?J@PvBbGNd@Rx@l@`BLNPDRC^KJDP~A?f@CbA@TDRdAdD^bA\r@Tt@`@dAd@tAhAnCH`@AXS\_BnBaAdAsAdB}@|@G`@@HHR`AvA~AhCt@tAd@n@XVPTL^J^Dn@E~A?rANrDP~KD|@Dd@HXJTf@p@j@hAlCjE@FAPLd@FHGb@BNHPt@x@RZt@dBp@jBXp@l@|@bAdAl@t@d@t@Xp@`AlAz@~@Zd@JTFXBr@Cd@IRmCjDyAvBuBjCi@z@yF|GoAfB{@rAwBnCi@j@aArAiAtAs@fAoB|B_ArAiC`DcBbCONMREN@^HRPPd@\f@Vh@f@xEvG\f@tAzCf@z@dChDlIvLRj@tBfCfB`C^t@j@dBXnBRxFBlECpFD`EEnh@B~@FdAFb@R~@Fv@Bp@Iv@\DpASpACvCBpBAjBEtABlGE~BBxEIf@@PRBb@A~BDbGA~FDtCA`EB`AEpIDvHCxCBxB@`GCrH@jBDx@@lECjABxB?xBB|A?hFBrBAn@Mp@?LFLVVH@HED_@CaC@g@BYDINKR?`ABhGI`D?V@^CbB@|BEp@?\FHNBT?jCCf@@lAGJYBGH
10275323476,iywbFpgmgV?CJGNCFM@k@LgABq@@wAAQGMOI]CsCFwAAO?MDILEd@GzI@bEApAEVMNGBSCuEcDgAaA_CeBgDsCsByAwBoB_CmB}C_CuGkFiBuA}AeAiEkDqAoAKUGi@AqB@qFBsBEwODyGEwCAuHBeE@oIC{G@iBBk@C_AIw@a@eBIg@IeBFqZCqBA{H@mFBaDCwA@yCEsDM_BMq@g@_Bq@}A]m@aByBoCiEsC{DqHmKy@yA_AsB{A_CiDsEmB}AMQISBUJU`BmBp@o@rCgEp@s@fAyA`DwDzBuC|@oAvAkB|CoDn@_Av@_At@gAl@u@zAwBl@s@pA_Bj@o@|CeEh@m@nAcBv@y@dB}Bn@}@nE{FXi@He@BeAQqEAuGMaDGmBAeCUgKGwE@cANoBFeA?_BWyLQyF?g@CEBg@OkBIYKSiGaJi@}@mC_H_AeB_@wB_@YUc@YeAQaAQc@cD_HI[Iw@g@w@Kq@K[c@s@m@m@U][s@?G
10271472485,iywbFhgmgV?ENGPAFE@MJsCAmBAIIIQAqCG_ADaAAQHKPCX?rBElA@hIE`GBnEAhBGdASz@Wn@Y`@_@Xk@Tq@HwA?uALiB@sAGSFIHCJE\B`IA`IBjQBpEAxDBrEAbK@p@Fb@@`@ExBCxCJ|b@AhBEd@?lDHxD@~MJhCAl@KxAAl@?nADhA@hAInAGvGLdJ?lEE~AJlICjB@vDAdHBxEAjCF`B@lBEjFDlECz@@dACxCBrD?zABnGCpE?tCC~@FpHEhA@`EBjAAlADzDC|NB`HEfB?`HCzB?rBFjD?pFBlACbBBtGC`JDzCAbGBfLCjCHfBAnEGhBAvA@`ADr@CRDjAAxEBzCCvC?nBBdAAhADfBCvDG~AIzE?nEDhPFvBTpCL`A^~BLd@Jh@h@hDNvALr@RjBDfC@nMGzABjAAnAHlD@~C?z@EvAD~DAnDEtACbBMzFI|B@dCAtBIrB]`DFMH_@TcCJoBLwFHuHFgBDeIFgCCmSLaA?]CaDA{EQ{EIgAa@cDuBaMOiAGmAQeK@kCCqB@mCXsMBeB?gDP}EBcFF}CC{HCiA?yCEsBBmFEkN?cG@sAD_AEuAAeI?cEAcFBgECsUDiACeEEgA@uEGgF@oCBg@F]@_@CoHG}JB{A?aCA{HCsD@}DCeBFeEEyA@cAG_G@qHBy@EcFAwI@gDImQFiCGmDA}EFyGCyEBiCAmABeICoCBqGAk@MmCJqEAiACm@BmECwG@iBEwBGqL@uJCqB?mKDmDEwF@cMG}L@gECiGBgAIuJ?yHC}G@aAIk@?Q?mFBs@HQFETET?v@B~DGfCBbBC`@DfACxE?N@NPFZArFAHCDa@@EB
10259511670,iywbFpgmgVN?NKDMBSBo@@{DC[GKWGwB?gBJo@AMFKRCTBbBCjBBjHCbBGd@OPSDSImDiCqBeBaCcBsCaCwFkEkAaAyAiAw@s@u@e@sFqEQIg@g@iE}C{EwD][gEeDsC_CcHmF{DcDwB_BoBeBuB}AoFkEmAy@mDuCcBoAy@s@eCkBeA_Am@u@e@aAUy@qB{He@aBs@oCq@yCeAuDeE_P[eAg@uB}CuLQa@GEIAQBcAl@u@ZQ?GCMS_FkR]cB_CgIk@uCAWFSNMf@URQPSlDoGhA_C\eAdAuEFq@?u@Gq@Fe@l@m@FAFTEh@]`CKv@_@dAKr@IJ_@PKNU|@Qb@y@tAuB|Dc@l@c@|@W^QNi@TQJGR?VFZxBzHh@~BHh@Tt@Jd@zCvKvCtLF\Pp@\hAVfA~A~Fd@pBx@tC~@bE|@nDZ|ApCdKX`AP`@xAnAzC`C|CtC|C|BfAbAlDnCdA|@xGbFjDvCDJRRdBdA~AtA~CbC|AjAdDnC~@p@dF`EfAx@p@p@~FrEpBhBt@h@FLPLjDzBxCbCnBbB`BhAz@t@nAz@zEdEv@n@|AdAxD~CpEvDz@|@B@DEBa@KiA@qACmB?kCEeF?yC@MFKVGhA?|@G`AAv@@LDBDBL@dAHpB@zAENc@@GH
10249272270,qstbFx_ogV@@UAEH@xAMzAA@U?{CoByDwBiGsBkGaBu@MkC]cEa@oBM{DOoHEmAGaAIgCa@mBg@wF{Bc@M_CwAeAu@qAgAiDgCoBgB}BeBIKASFIHC\DFCDKN}AAgBLw@B]BaDE{@?_AAKKGMAMD
10249272266,cywbF|gmgVXQ@C@Q@c@JaAByCCWGMMGUAkEB_ABMDKRCTBvBAnABxFDvCCnA?v@B`@J`@TZ|EpDhDtCh@h@|D~ChEnC`ClAfA`@zDlAtAVjBVbDRfFBnKd@lBT~@Pn@FjEr@lCn@rBp@vBv@`CbAvBhA|A|@j@`@^^Zk@HmB?gB@QFIL?DBHJLFHL
10249272296,cuhbFz}lgVJGo@kCmA]YC_@@eAPoBJi@No@Zc@LU?SEMGMOISOo@Qe@UcBA_A@oAGsDKkAc@wBa@_BWe@QMSIq@Oa@E]BQJo@n@i@Xq@l@S\u@bCIJMDO@y@CcBDkAJeCJqALk@LY@}@@wBGsAQWI}BsAa@e@Yc@IGU?y@\K@CCS[i@a@[u@OQs@c@o@e@]Ou@?[E}@e@Y[[i@c@qAOQ[Ok@O{A@qEWoCg@k@Qq@QaA[]W[a@c@_@c@o@o@u@o@eBk@eBa@sBe@mBM]Ye@m@o@KO_@y@oBsDcA{By@wBm@wBa@q@Q]_@sA_@eBi@qAy@gCc@aAm@}@m@u@yAu@k@OeAe@eB{@aDkAeAWsBSu@O_EQiBUiFSaBCm@KkAGg@Gg@U}@u@]GcAg@gBe@qAs@q@Wu@QsB]mAY}B_@gAS{@WkB[yDy@iAQ_Co@gCeAcDeBcAu@eAeAmAaAm@{@o@g@c@i@k@_AkAaBa@s@uB}CwBuCmAeBi@m@m@e@OSiA{Bo@g@k@w@WMYEa@@GBKRIBoBHSD]He@ZCHCTB`CAtBBzBG\uBnCO^O|@A`@B|@@bECfB?jDCt@DpFHn@Vt@JT|@tAJVHXHrACrBIRQJcFFwACsFBmBCwABkAAmABkBA}CFgDCu@G_FHgBAs@@k@AaDB{BAs@EgD?oDDyB@_DAyE@aBJuD@mABeG?aBDuCEwGFy@A}A?]IKAwETw@@oACy@@aFIwADmECwEF_CC{@?YBe@AoF?uBFqCA_ACeDJa@HeA^a@DU?sCa@aAE}@MmAAkBBUCWKO@Cb@BtGBpB?xBExA@dA?lE@hAH`AGdABtBCjC@zCCdAF|ECfAHr@GdA?zBBjDAnGBdCBXCX?r@@h@DVCf@CzE@RFD
10249272213,gywbFxgmgVDLHKRGDGJyG@SHOFCRCzABbEGREDOBUAmDWaEGSEEiAOOMCKA]BmACiDEUEGMGAEDGf@AjBHr@JRAl@ERSTCLBFAO}BCgBQiF@_CIaEFsC@_ECy@A{JBeMGsB?sCLcLBi@FUDIPGl@?z@CxEChG@bAEzAC|H?zACdC?vEElA@bBE`EBvH?nACfIEz@@`BCv@?j@Ez@BrLAhDDv@Er@BxBEv@Bj@CnC?`AEjEG^BtB?nACnF@dFE|@@dBEtC@vBEhAB`@A^IbAKdACj@?PIFIHi@D}HFw@X_AjAgBLURs@Fg@BqAC_D@eFBk@TcB@u@Fg@E[S[gAcAy@q@SKGKGs@Ay@?qGBw@FEXEjCWLGLQZCXDXRn@z@n@j@n@rATZpAhAXZn@hA^f@lAtBhA~AfBlChC~C~@pAZ\h@\f@h@bBrAxCnBl@Xj@^`Br@~Bn@xCj@bANbBd@z@LtBd@pCd@`AVrCf@z@RPF|Az@j@F`AVR@d@NJF^f@j@j@TPTDb@Fr@@pAJtBHtAJ|CFrAPrADbBN`BTt@Dr@LdFnBpB~@hBp@|@j@LN|@pAl@lAh@|Bj@xAb@tBTt@HPv@jAp@hCn@~AzAzCl@vApA|Bp@v@Xh@x@dDPx@Z~@x@zCNR^X^r@VTb@f@XTfAf@pDlA~BTfAAxAJr@?d@F^J^RPPLT^`Ab@h@ZR|@^\Dh@?NDxA|@`@^d@~@b@b@TZH@l@e@JEF@`@b@h@RRLt@t@h@^f@LjDd@|@DbAEv@I~@C^IfCSrAG~@Ar@FRALKJUlA}CVY`@WVMb@i@TMTCdABVF^Pl@t@HP^vAd@lCLlEIlBDx@^tCTl@LJTJn@@LAj@U`BS`AI`A[b@Ah@DjAXNFJLBL?b@FVAHMZBJ
10249272222,{yrbFx{pgV]c@UR}@pAUVOHE?MEu@cAkAsAcD}D{@mAaDaDcD{D{@iAaBqBsH{ImAoAsCsCsD_DiBqA}A}@mCiBkDgBwD{AkDeAwCm@iEs@iDYoF]mBGkDG{@@sA?gAE{@IcC]kCk@iBq@aDqA[[EE?G[QkCeBc@e@eHgFe@c@kCyBgD_C{@s@_A{@oB_BqBwAwAiAy@cAkAw@QSMUOi@IyA?qBFMNEH?~B@|BCx@@dEIf@BtD?HDBJEh@AfCDt@?d@DHDBb@?LD
10249272193,oywbFjgmgV`@EDMH{B?gCE[OIUCmCDsBCSFMRCVArG?lFDhA?`BDfAFb@T^RNfAt@lAfAfAn@bDnCd@f@fDnC`At@l@Z`@Zt@f@bCnA`EzAhBb@lDh@~APb@BjKLbCJbCRhAL~Ep@lCb@hAVdAXrC|@nC`AjAj@tDvBtDjCr@`@hB|Az@j@n@j@fEdElCzCnBbChBrBjA|AnD~DzAnBnEfFvAnBrBdCt@x@t@`A`AjA`A`A|@dAlHfJzDtEt@p@tDhEnBjB~@`AjEhEdEvEfBbBxDzDzBpB~C~CpFzFjG|GpAnA~@bAxAbBnBrB~@|@vAlA~DxDf@n@d@t@bApAbB~ChAlBd@r@n@t@v@t@fCnBxA|ApAjBrBjC~@xAxAfBfDvF\z@RINSASuAiCaA_BkBaCoFyH]a@cBeB_EgDu@y@qAqBi@kAUw@W_@s@yA}@uAQSkA}@{BqBiCyCcDeDwHeIkAcAaAgAiC}ByEoE{@iAg@e@cAkAeCyBkBsB_D_Dc@k@_BaBmAiAaAmAy@}@eAaAkAuAOMa@SgAgAeC}CQ]_DkDy@y@yAiByDoE}@oAeCyCS_@CMDYJQRSF@VVBJABICT?n@iAFCH?@C
10226678469,ykncFdrcgVCf@?JP\Hf@DLHDZDRDR@j@An@IRGJILc@GsA@QBENC^@j@PLJDTQlBAh@@h@Df@DXLTHFTDvBHbBPhBh@tAh@dAj@rA`AnCzBpAv@r@Vr@L~@Jb@Bt@CnAQn@Kv@Gx@QhCYfEy@ZCjD_A~Ai@vGkC~G{DlDaBfA[tASjBIt@?lAD|@Ht@LjAXrC~@tA^j@L|@NbDVh@?bDKbE[XBLJFTPrCLpD?~AGrAIfA[nBWdAaBpFuAbFsApF_AhEi@tB[xBOtBAtBNxCRrBp@zEb@pDp@vDf@`ELh@D\Vx@R`Av@tCd@vAb@fBX|@jBhFn@rAl@nBhBrD\x@Pl@BBb@bAPl@hBrEx@hCfAvCPl@TzAFx@Bx@?~BGbAUzA[lAiAhCaC|D{@~AGTWd@_@x@}@`CeChE_@x@Sp@g@rBWbCEfA@dABt@F~@V`BV~@~@zBx@rA`@j@p@n@l@f@vBvAhA~@t@|@d@t@v@xBb@`B`AxC`CnJx@fCbBzEt@bCl@pAbBpEXf@N@^OD?H|@FN~@zAd@|@Tf@VdANz@\bANx@HPJHL?f@SrAs@dE}Cv@e@RE^ATGl@]n@_@RIjCk@fAYpM{EvHkCtBw@r@Q`AIh@Aj@DdBTxB^~BV~AVtD`@l@NTTLFZITOJA\?t@Dr@?|BKl@A\@~ANrAR|ALzDJ\A|B[tAIrCCtAKbAQh@CZ@z@RbCPrCExFHxD[l@Cj@Bp@LtAFdJ@fBBdADz@It@AlAM`BGR@v@Lt@@j@Fh@@hAEfC@t@AfABrCA|AKbCG~@J~@@t@Fz@Kd@Av@MTCrABr@?z@FjAAtAHbI?HAPKf@{@l@cCnAoDTcAhAcEr@yCPe@JMFAL@t@p@f@Zh@Nr@Fd`@EvBBvKEjFB~AC~@BtAC`E@vDEnHBrCC`CDbNIf@KvCkAx@W\SfAc@rBmAlCcAjCiA~CmAvAg@tCiApA]vDc@bBc@b@WNOxAuBhAuALKLETLfA`AdErCbCrB|@n@hDtCpA|@|@x@t@h@`Az@t@h@XXbAr@bEdDxChChHjFtCdC|@r@bBxAtA~@~Ap@jB|A\@FAJIFS@YCoDF]LIPA~@DvDEvH?dGCXDDBFLDd@DxBEzBGDYB
10226678527,mywbF~fmgVXIFMNuC?gBGYGGSCuABcD@[FGDIPEh@?jL@jAAhAEh@IVOLUCgDiCqBwAgA}@gAw@kDwCkBuAwCgCgBqAm@k@mA{@wFuE_@UuBeBiAu@wFiE{@w@KUcAs@uEoD}BcBuHcGkAo@gBsAm@_@i@a@QISCK@SPq@fAeB~B[ZUNa@LmAViDb@sAZuCjA{JtD}CpAaCtAyDxA{An@c@NUBkMDq@Ci@@qP?iCBsKCc@Cc@AoGHi^@{HD{EAWCa@M]UoAeAc@ME?KJIT_@rAqDlL_AtDShBGd@GLKD{BEeFB{@EwAA{AIgCFu@JeAFiCKu@I[?eDRaG?sAB{@CyC?{@G_AAs@Gg@AuABiAJeELcCGuBAwE?mDWiDTqBFeJI}AK_BUYAc@Bi@Nw@HaABiB?cCTmAPa@@m@CuA?wCM}BO_CYk@CcBJ_CEIF?LGFG?MCQGQSOG}Dg@_BOmJqA{@Gq@?y@Hw@R}GhCqOrFqBn@wD|@o@b@s@^WHk@FUJkIbGe@h@[_AKOUQQ[i@kB{@iDu@kC_FuLgBoF_AaDmBwHsA}E_AeDc@oAy@_B_AgAWSgBcAmBsAg@c@u@cAc@s@u@mBc@sBOiAGsA?{@HuBNuAh@wBb@kA`LgTpAoCf@{AVsAX_CFwACcBMwAKu@a@iBiBeFuAgDK_@CSI]g@iAg@{AoAeDY}@sEaM_CeGe@{Aa@mBo@qEUyB_@wCu@aFcAoIGiBBeBLgBTeBdAwE~GiXf@qCPuAPeCBkAA}@UqBOqDK}@?SEOWSUEUAaCXyD`@uABgAE{AOsB]iBi@_A]cBg@w@Qk@KeAIqAC{@B}BNqAPc@Jw@^qBfAuB`A{@h@mA\qF`CqAd@S@qBr@oCr@{A\gBZkBd@kDf@wAVuAHc@CgAMa@KcA_@gAo@gC}BeAu@i@Yk@YmAg@eBc@m@KmAMsAI}A@uAHaBZw@RsChAU@GCMQWqAOmA@a@BGLKfAKXGJIFUG}@G]@Q
10226678048,clncFlqcgV?z@DJNTRx@HFZ?RJRBjAIh@IDEDiAAo@BQDENCR@h@HNDJLBTS`B@jBL~@HRFDPHpA@jAHzATvA\r@Xr@\`B`Aj@`@dCxBfAr@`@Nr@R`AL^Bh@@\CnL_BnCg@hDu@lA]`A[jFsBxF}CjBiAlCsA|@[jAQnBKbACnABj@FnB^hEtAtA`@bBV~ANlAFlCCnBOhCWP@NLHb@LxBJhDA~BK~AIv@W`BQt@{DdNqA`G}AbGS`AWlBMzBAvAD`B\|DfAtIXfB`@hB\zCP~@ZfBb@dBxD`M\vA`BfDv@vBxA~Cz@fCzB~Ft@fDJVp@hAZv@XhAV|AFt@@hAEtBOnBO~@g@bB]z@}@bBi@`Am@z@iBpD[r@GJI?IHYn@k@`A_AvBaAnCo@fCQxAItAApA?lAD~@Ff@L`@RbATn@r@|A`A|AZ`@x@v@v@j@tBtAd@`@|@`Al@bAl@|AX|@jAfE~@pDVzA`@zAfAxClBxFj@hAnArDb@dAn@bBXNLCXMF@@BLpAFNV^p@pAj@hB`@`B`@bAPjADHHFJAZUfAi@d@Y`EwCv@g@TG^CRGrBeAzBg@rBk@lCcA~FsBtDwAhGwBfAYv@It@?`AJfC^vBTjARzFn@~@Pb@^RAXSPCfBDrCEn@Bz@HvAH|BTvBFxB@bD_@fBInCE`AG~@Ob@CR@n@Pd@FpBL|@@dDEfB@`ABp@AlCYl@C|DX~@DpHEnCHdBEbAOv@A~@?z@Jj@?jA@|ACjL?dAEhACdAI^@d@JdBDxDUbC?|@HvAAx@DfC@xB?nACRENKR]Pa@vAmElCqJn@sCP]LKF?PFz@r@b@T^L^@~@@tACjAB`F@rAE`CBnFAdF@z@EvDBjIEp@@j@Dv@EvCB|CG`JAjA@fHC|BBvBEjE@|DE^Gh@QlCcAfA_@jAi@dBgA`Bs@rDsAhKaEz@WZIdBOvAW`Be@\QXYtCwDPSNEF?NHfCrBdAn@rAbAtFvE`MrJbCrBrBzAlCzBb@Zb@b@t@l@xA~@~@t@n@b@d@b@~AnA`@d@`A~@X\RHfAr@|@`@^ZvArA`@VJBTAPBLEJQBi@CoB@u@BWBGNKRC~@DzAEtSEZFJJBHBT?nBDfACt@CJGHYHGH
10226677893,uywbFjgmgVNGFDR?FI?G?s@JoAC_BG}@EMKGOAu@B{DDUBQDIPCXBvAExCBfFAtCCZKTIDI@UEkF}Dm@i@}@s@gCgBwBkBiBsAsBgBm@q@wCsByAmAmEcDc@[S[SQoGsE_[qVeAu@}@e@y@q@oAy@m@g@KASFOLiDpEQPSLuBj@{C^qAXeDtA}DzAqA`@aAb@aEzAgCvASFcDpAcAX_A`@UD{@AyEHgEC{@Fw@CcBD{CAaBCmA@{@CgFF}CCiA@mEC_FDyI?m@Cc@BaAAcCHwBGwBFiB?k@C{DDsACuE?{@Ea@Ia@Q}A_ASGI@QHOVi@dB_@tAe@lAc@|Ag@lAmAfF]jCGPIFs@CqBBoACgB?cDIs@GaBAiABi@HsAHuBGeAI_BJu@?aBFcGA_FDeCI}@KkACo@@_AJi@@uDLoECwC@mBE{CYuALwEN_DE_DFyAIoBWk@A[@cALmAFuA@eAF}C`@k@BgAEsCEiDQcCYw@GyAFoCCMDANKDK?SIWWUGkD_@cMcB{@Io@?y@FyA\}CdAy@\qDlAoGfCcCx@oBj@uDv@y@h@u@^UFa@DSFwEfDiCpBYZE@EEAWGUQW[YIQS{@u@wBo@gCgAkDkDwIiD_K]mAw@kDmBmHeB}Fu@wAcAiAo@g@_EmCy@u@k@s@s@wAg@}A[uAa@mCGiBHeBPsA^_BX}@Rc@p@mA`BaDl@{@n@sAXw@z@yAxBkEjAeC`@mAZiBNuAB_BI{Ba@aC]yAo@aBUu@eA_Cs@kB}@aDg@sA_@qAc@eAc@wAkA}CaAeCQeA_CqFqAkD_@kAY_B]iCi@iFi@gDw@oGSsAS{BCmBDiBLoAR}A~BkKhAeE\aBj@iBfAsEh@qC\aCL_C@sBC{@S{AMiDEk@CGYg@]Ma@CgEh@sAJ}ADmAC{AQuB]uA]qAg@mBg@_ASaAMcAE}A@oBLeBRw@TyCvAcBp@iBdAeAZaBv@uBz@aBh@y@^{Ad@qBj@qEv@cAToCh@m@DmB`@y@D_@@k@G_AMi@Oy@[]S}@m@sBgBmBmAs@_@u@YuAe@kAUgAMwBG]@]AiAHgCd@mA\eBv@SBICEEKU[mAIo@Ai@DOLIrAWVIHGBSQiBDI
10226677673,wrtbFz~ngV?FQROBGLQtC?RS^@\LRtBvAbA`AzB`BdB`BxDdEhUpXnBxBzCzD|BnCh@t@nC`DpA~A`DrDzBtCrElFpG~GzEzE`E~DhBnBnDlDhBnBjBbB`EdEdB~AdDzD`B|AzGfHxB`CrArApDfDpCjCn@z@dArBn@|@fCjEn@~@bAfAhDjCd@d@z@hArC~DjA|AnB`CLVhBjCpHxM`AnBdBhD~DxGr@|@b@b@bBrAdB|AhDpCfBdB|@bAxEtE`@h@h@v@zAxCnCzErAvB|@pAdBzCz@lAnAvB~AbCnA`Cb@nAP`ATzDPdBHpAPb@PXTTfAp@lAl@\X~CnDfBvBR\hBhBZd@L`@^lCN~Ab@nDRjABHB??QQeAyAyLGS}@eA[YeAsAeAiA}@oAkBqBq@o@iBkA[Yi@s@Me@Ek@O{@[mDUgBMm@Sk@y@cBcBmC_FeIqF{JcAaBy@sAu@eAu@oAaBiBaE}DsAwAmAgAkByAoFqE]]g@m@uAaCo@qAy@wAaB}Cs@eBq@qAeCiFcBeDaAaBgMsPu@s@aCgBeAcAm@u@aA}Ak@mAc@oAYi@qAuBa@k@{FeFcFuF}ByBsDyDOQaCyBoDqDeEcE{E_FeFcFuH_I_CkCgEqEQS{AwAyCeD{BkC}A}Ac@u@qBiCsHaJQY[[oBeC{FyGcCmCuBaCsBeCmAaBuAcBmAqAeEeFgBkBwCsCgBwA_EwCSY}CkBuE}BeE_BmCw@kBc@oEq@wC[}Ea@eDQsHGmBKeBSiASiD{@eBi@yCmA_BeAqAaAo@q@wCwBaEcD}AuAQS?GBILKLA\HFGBEDw@Fg@CeA@[Rw@@OBiCGwA?_ACMEGe@O
10226677429,cywbFhgmgVXIBEDOF}FESSIoCEiB@g@@GDILETCv@EzLJfFDf@FZT\bA`A`FvDjBzArBjBpCxB`DrBbB|@rCdAbCr@hB\dBTfCRvIHrDNbCNxHbAtB^`D|@zBr@dDjAxBfAtBjA|@j@l@j@TU?IBq@JkB?gA@QFIP?HDPRLD
10226678336,ixwbFzfmgVDS@y@HeA@iBFc@HKNETApB@tBAp@IJIHQAuCWgFGWGGOEs@EMKCGCg@?gDC{@C[CKII@A\KbAAj@CrBLJIj@E@EGk@EiAAyBKyIBwLGiI?kJ@_EAuCAeIB{BCk@FiDDWLSRIVC`SKdDEbCAjCLx@C|@DjAAl@EpCI`IKdGBzIEbBDhBA|@@xCEnC?xAEbD?fBCdDBp@Cp@LtCIx@@xAE~A@lFIf@D\?jACxIApACnLCrBGrBBrAMbCAn@IJSD[KuH@k@D]Rq@dAuA^m@Pg@Ly@@y@@}KBg@No@Hq@FmBEYMUkCsBOQIUGg@?{E?cBD{@DMRIl@I~@Eb@GLGHQXCN?LBVPz@hAj@l@JRVp@R\PN|@p@ZZrBfDf@l@fF~HlA`BhBxBlAlA~BbBlBlA~@h@fBv@f@RtDbAjBZnBd@~B^bB^|BZhCl@`BTt@TjBdAZFl@Dn@Tp@?TBTL\t@X^TPTH~BLvBP|BFpCPlARpDLrBRr@@RB^L~@f@pBl@pAr@lBr@|Ap@PL`@\TZr@hA`@x@h@lBz@tBj@nCVl@`@j@Vf@L`@VhAX~@pA|CR`@x@tAfAvBbAnAP\z@dDVxA|@lCT~@JRl@d@b@l@d@\Xb@`@Xd@RrBp@n@L`BR~@FjB@j@Fx@IP@PFd@Rh@d@HLj@rAn@r@ZPb@NrAJPF`@\j@\VTRV\r@^XTZH?p@e@PEHFP^HLJFR@JDdAx@x@j@h@JdD\bA@nAMx@MhCSp@A`AKhAG`AFNAPM`@cAn@qAf@g@x@e@z@y@JER?tANVJRNNXXr@XbAb@jCDb@@bA?tCAv@Bx@VrBZnAPXVNXBTEZQNYN]H]Hm@BMHM^WJ?JGNUBMAOECU@MCo@c@w@a@MCa@@[Fk@Ne@XCAAMBc@?g@CmCG_AWsBo@cCQg@SQy@_@s@GYBaAx@KFWFi@^UVKRy@fCIHMFOBqAE}AD_@Dq@NyCJoAP_@B{@@k@A_CSo@ISGcBmAUIYEOSUc@MKMAG@i@ZKBEAY[g@e@a@w@[]aBcAUEaAA]Mc@Ya@e@Wa@YaAKUQO[Ok@MaADw@KmACw@@a@CyCs@{@Oq@UaAc@q@u@cAsAq@q@KSq@iB]mA_@cBQi@[yA_@k@c@c@KQo@yAcAcB}A}Cm@_B_A{CO]i@w@KWy@{Do@_Be@iBWo@U_@w@gAYYoAq@aGeCaDiA[IyBSuAUuAKqAEu@M}@GcJa@cBEYEUKyBcB]Em@[}@Ka@I{Aw@e@QkGuAoCc@kAW{B]kAYkAScASqCw@u@W}BaAo@[eC_BmAcAiAgAy@m@YWi@o@q@}@a@u@m@}@yBmDeEeGu@_AcA{@_@c@Sa@g@mAq@k@e@k@OM[QY?O@OTIDY?WAy@D[DWFc@VILCHAt@BfCCjE@v@Dt@AnABjBClABz@A|CEp@BjA@nCGbE@jDEjAQx@D`BG|BALEDODaAA}BD{@CuDAuDB{ADaFC_FHmBAaAEk@FwAB{A?qABsAGgC?w@By@E_C?w@AoCLm@BaCAqCB{AGuEDcEH{F@aJFuDEeBDuE@eAIc@ISAsBJoADuDC{AEeBA}DDuCCoFJsBCyDFyEAqABcBCcA@m@A[Dk@TQDkA?mANk@?ULW@cCIcAY_@Ek@@i@Ku@A]Fw@OGCKKk@FMAQDAD@vBAlCBpEGnGA|GFzFC~CDlEBnPJpHEbDBpCEfEDdCGjDDrCLbADd@?~AFHTB|@CdC@lJKjEBjAAr@BLHFP@H?xCE~@@b@ALGFc@@
10226677972,slncFnrcgVJVDZLVLf@FNNHj@HbBQj@MHs@EkAFSDERAx@TNLDTGx@EfAHdBT`ALLRDdAA~AJfCf@dAZz@`@jBjAz@p@dBbB`@Vz@^n@Rn@HvAJp@ApAKfAUlFs@jE{@A@ZArEmAtAe@bGeCzA_AfAg@nAq@bAm@lCsAz@[|@O|@GbBEvA@hAJr@JdAVfDfAlBf@tATbBNbBDpBCnBOpCYRDFDHVB\P`DFdCCbCOxBS~A[xAqCtJy@bDoAvE_B`HWfBOzBEjBF|AZxDp@hFrAdIZnCNdAz@nEvA~Dv@zCpAzD`BtDbAbCnAhCXt@ZjA^`AT~@dAdCt@hCXt@j@hAd@bBRpAN~ABbBG|BQfBOz@i@`BUd@gFfJu@|A_@n@Yp@y@xAgA~Bg@rAc@dBUhBM~B?jBVxCTbAXv@v@hBv@rA\d@j@l@hAx@nBrAbA|@n@v@d@z@b@jAt@jCPt@j@hBXpAVx@n@zB\tAdDtJZfAx@dBl@lB^z@Vt@RXJPJFD@NETQDBNt@FPx@rAl@pANf@^nBd@zA@f@DRJRLBHAzAq@jAw@~CaCt@e@TGb@AJAdAg@t@c@|Cu@~Ag@|DwA~DuAzDwApAk@rBq@dBi@b@In@I|@@tALdKvArBPrB`@FDLPLFJ?`@UTE|BF`BI~Hd@rCLfBDv@GhDe@j@AzA?~@Cr@G`AMd@Cb@BnARfBJtBChAB`B?jBBpAEhAMt@Cf@@~@HnCH~AAp@@rDAl@DtBB~BKr@EtAEf@@v@LbFBjBApCMp@@vACz@@tCI`@Bp@F~@AbAFfCUjAApABr@JT@tAAhADfAEn@BjE?PGFGf@_AlAeELk@Tk@pB_Ib@mBPi@JMDCPDhAz@`@Rb@Lp@DxB?lCCrD@xBEp@@p@AhABb@ChA@~ACnDDjME`CB`AFzBKfA@rAExD@nEAlC@`CChGB|AC~ABlACvEAb@Cn@M`DoAl@SpBy@hAq@^SxQkHrBq@~Dk@hBa@ZKZSXUzCcEFGJEF?NDZPjExCnBzAlAhAt@f@dAz@z@n@zGlF~@v@T\\XtHzFhAbAxFdEtD|CrA`AjAbAFLtA`AzAx@z@h@rAfATJF?LGFQ@k@CmB?y@DWNORAl@BlBG~BCdFChABlBIhB?d@DLDHLD\AhBDbAAhAEH]FKH
10226677784,gywbFvgmgV\EHKAuAFgABkB?UEOKGGAmDBuACq@RKTCxAFrMApACXITGFI?IAcAw@aDkCwEmDaGwEuDaDeBmAaDqCkAu@uB_Bi@m@yB_ByA_A{BkB_Aq@uAoAkDiC_DiCyB_BcDoCkF}DgBcAs@i@WAWJQNkCzD_@b@]P_@LmAVoD^aAT}F~BeDtAu@Vi@T{DxAg@VwA|@UJeGzBk@JyDFiFA_ACa@BmEAoGByB?_FFgIEaAKyAHoABiKDgAAoCBqFEqBDeCCkDF_HAeACo@I]Q}@u@[SOES?QJS\U`AsA`E_@xAo@fBeA`Eg@dDGNKBeIFeBIsAAo@Ic@?}B@u@JuAHaCKs@Ge@A{@FuBJyDAmGBm@A{AI_A?s@IWAwBHm@Hc@?yANaABuEKmCC_BBeAGuAOs@CgBNeCNw@@{CEoB?eAAoBQsASWCa@De@PQBeBFuBA_@DuATyALi@@i@Cy@@_Ha@kBUy@EW?kAJ_A?uAEE@CHOHOBQGSUOGyC[aGw@aAI_De@kAI_@@qAPw@PyFvBu@TgBn@eDfAyChAoDhAuBh@qAVw@j@e@VUHi@BSJ}CpBaCfBw@l@c@j@G@Oy@IMUQMQk@cBmAwEiAuDg@iAiBqEqAmD{@kCqAiE}AiGg@cBm@_CqAuE_@y@kAqBY_@[YmEoCm@g@s@y@aAkBu@wBU_AWiCEyBDu@VgBd@iBv@kB^o@j@sAbBiDbAmBhAkB|AuCr@uAz@gCd@yBPsBB_BIuBMyAMq@g@mBWk@i@eAqBsFK]?c@iAgDm@oA}@oC{BgFa@aBe@eAUaAWy@_ByDg@}AYiA]wAe@aD[_Ds@iFYcAIg@cAqICuA@}@FsAFyB@YL{@j@oCvAyF~@iDbBeH|@mD^aBPwAHw@LcCCwCCm@QkAGeDCSM]KOGESEU?mCVaF\y@?mAGu@IuCk@oBg@qAe@iBc@}AUeAIi@?}AB_AFkBZ}@XsCtAuB~@cAn@gA\uEvB}Aj@o@Jc@Rc@L}FtAuB`@}@ViC`@uANkB`@]Da@@a@CmAQo@QeBcAc@_@y@{@aDwB_Ae@}@]gA[cBYyBSqBBqAPgB\eBh@oAf@QDMCQYWgAMeAAa@FQLKtAOLGHI@SK}@Ca@@OHO
10226677572,clncFtqcgVCDFZ@TVjAPN^FRFL@XA~@Mh@MFu@AeABQDEFCR@p@PNJDR?VK~@ClAJdBHVFFFDRDbA?bAHlAPlAV~@VfAh@tA|@rA`At@z@l@h@^Vr@^bATt@Jv@HbA@t@EzBc@`@ClASpAMxFcAjA[lD}@XANF@F?x@VxBd@zHFvEHjCJ~AFxBFlE\`EnApKRfAr@~Fp@~EnAtFt@|Dv@tCn@hBVTTFVBTAxCUh@?lAUzD_Ar@OxBm@n@KLINRLv@Ld@JRLPr@l@xCrCtC|BtAxAdB|Aj@l@RPRH`@J`@HT?XG~@m@d@SFAPD\IJR
10226677562,qywbF`hmgVJI`@MDM?kAF}DCSKIQCcA@{@CkCFSDKLCTEzD@rDCrGEVGHGBI?SIeBsAsFmE}@k@{AmAc@YiAcAqAaAuCeCgAw@sCeCaBqAaBeAqAiAQEk@i@cCoBaDeCgAs@sAeAeCsBmIuGkB_BgDiCwA{@mA}@s@c@w@m@G?c@BQNyB|Cu@z@e@Z}Ab@_Ef@oAZwChA}@d@kAd@uBn@y@Zq@\qDzAyAx@}Ar@iCz@_Bn@i@Ha@BsAEqB?iBCaBFaBAqEFoA@}CEoCBsACiDDuBAy@DuA?Y?aAI}OPwAEmBAaCFkFEoA@aBC_ABsCLmFA{@Ao@M_@SsAoAk@AMFEFi@~AeAbE{A|Ek@rBq@nEILIBo@CaCJcDAyCGyAMkAAgA@o@J}AJiBGkAMgAFcAB{@FyBAcBBmBHeA@aFKqAQ[A_DPaA?{AH_D@oBEkEDcACoBWi@Ce@Bo@H_ABkAJwFBiDE}AOcBWe@C_@Bm@JcAHw@BeB@iEd@iAE{ABgBEq@I}@AcDa@i@Ec@BgA\cCSM@ELGDU?MESUKEy@GaGs@oASiD_@eBYw@G_@?aAJ_ARkEvA{QzG_ElAkBXgBfASFi@HSH_Ap@_C|A{C`CW^E?Um@k@u@e@kAYgA[eAYuA]qAQ}@Ye@Sk@e@}@c@eAcF_NaAeDm@iCaC_JqAaEw@wBe@}@m@o@yE{Cw@q@g@m@w@yAs@sBa@aBSeBOoB?eAVmBb@sB`@iAvA{C`AaBnD}Gj@}@d@cAp@mAv@cBl@sBNs@RiBHaB@qAEcAUwBYmAi@}A}@oBa@gAuA_DEQIgA}@iC_@iA}@uB}AoEq@}ASo@_AoByBiGi@eBm@sCSoAm@}F_@uCa@gCYuCe@wCS{BGcB?i@BoAPiBh@aDhAcFJ}@|@mCd@oAl@oC^sARaAz@iDLUd@qAFKZU?GGCK@]H[Rm@f@{BrCoFfFmAvAkAfAmArBo@|Aa@fAi@`AY\mJnJc@ZkAp@u@VuA^a@FkADcBGaAOi@M_@Ow@c@[U[Yo@y@W_@o@mAeBsEm@oAY}@Mm@GcAM{@c@}HEyCYmGIuAWsB@iA{@P_Bd@cB^qA`@gEx@kBR_@NKWAs@IIYBMD_Ab@iAPo@Fi@?y@Ea@Iu@Si@So@_@_DmCqAy@uAo@q@YgCu@mASmAMeACqCDsCp@]LmB~@SFQAECKQU_AM{A?a@FOFCdAKb@KHIBSQcBAOBE
10168420047,eb{bFlf~fVx@o@NU@]Cu@M[OQSc@[i@qBeEK@u@`@g@f@sA|@_@No@NMBMCSY_AyBcBqEQw@gAsCCY@MLSh@g@~@y@jBqAbBaAtGiEhFyD~@i@pCuA~CmBnAcArCoBh@UJAD@VZ\t@xBhGDN?JDNx@lBPp@BXCTOXa@f@sBfBoFjD[V_@f@MJw@b@kFjD_@PEN`A~Ch@pBjClGfB|EbAxCp@`BZbApA|Er@|Ax@xA~BrGnAbD\v@x@lCJ~@FbCNXLDT@hGY~CGT@HBPNDLD\BbARpDJtFHjAG|AFhCCfCBz@FfAL`FHnE?xAHzA?|@DpIRvH@jBAn@Kx@Of@qBlCe@h@kA`By@|@aEnFy@~@oA`Bw@x@qBjCCDBAU^aBxBkBdCu@z@kA~AsAvAiB|BcDnEqEjF{FrHwBlCm@~@w@bACLGj@?VHTRR\Tl@T\Xh@p@l@bAxAhBz@rAp@tAn@xA\n@`C~CvEvGlBtC\j@vA|Ap@bAv@dAl@`AVb@Rd@Tv@Rx@Nv@H|@PdFCnLHbJElGDxBCjCBhAEdG?vGFfBFx@Hh@X~@HdAPr@LJT@zBGnBB|@CpABrFEtDEpCFl@Az@@zCEN@DBHRBXAlBFjD?zDFrICnCDfBE`FBbIDxAChDBfCAjADdEC|AApG@hAC|BDzA@nIBfBEfEDfBC|@Kf@BLBHX^NHHC@C@QAa@CeDBYDIPI~D@hBEjHCrFBRDHDJP@JAfBB|CCHIDe@F
10168420053,mywbFpgmgVb@SBO@}@JmDA[CMEEOGq@EwBDmA?YBQJKTE\B|@CdH@pBClCEXMPI@UEeHuFaFqDq@m@wCyBoCcC{FkEsBgByAeAsFkE}DcDwAoAQSIYImKBmEA{FEkBF_ECqT@cLA_FEkDDuBImAe@eCGo@Co@AoEBqFC_PByIEwGCuOE_AI}@Y_BOg@c@cAg@_AkDyEkJyMyC_Ea@q@qAoCu@uAcFaHe@e@}@q@OSEW@KJUb@i@zA{BjBgCxAcB`EkFl@s@nEuFzAuB`@c@`DeEv@}@zAyBnCkDV_@BIEMcB_Co@gA}@mA{@sAcCiDgAgBwDqF[k@@O\g@h@q@pAkBn@o@Zi@l@u@BIKg@[]{A}BwBwD[s@EYCg@?s@DaA?k@PG?B
10150963006,alncFrqcgVP^?ZVvAJHx@J^Cd@Kf@CVGJu@EmADQDEHAT@t@TLNBVOxB?zAHj@JTHFFDVBx@@dBJtAVfBh@bAd@rAz@j@`@pAlAlA`AdAh@l@Rl@Ln@HpADp@AlAMl@KlFs@lAS~EeAnD}@\AD@FJBx@Jv@HjAd@~JDlCThEDvA\lCl@fBrC`Ht@nAr@~@x@p@^Rj@Vv@RtBVrACn@EdAQz@U`Aa@h@]~AwAbIuIj@cAjBiETa@Za@rAwAj@s@dFcF~@}@JCD@DVCv@E\iBpG}@jDc@tBeBbHOv@YnCElABtCP|C^~CpBxMHl@@j@BTn@zDd@jB`BrEl@~B|@jCjBjE~@`Cv@~A~@zBl@hBRf@zAlEt@jCtA~C\|AZtBFv@@`AOfCOfAc@nBc@lAYn@y@xAmCzEoC|FyAlC}@xBQh@]~A[~C@bDPnBFf@d@dB`AzB^l@r@z@r@t@fDzBlAfA`@d@RZh@hA^dA`ArDd@zAf@rB\lATl@r@rCt@`CrBfGXx@r@zAlBfFNLLBNAVMFBNhAb@x@|@dC`AfDTl@DVHv@FNHFF?HCpAy@vAeA|B{AnAcATMj@ITIrBaArBa@zEwA`Bs@v@UhEaB`A[j@UjA]jDkAx@[nAW`@E^AVBlARvD`@xFz@xCXb@LTVLFNETOJAnCDvF]d@?\@hCn@bDVfAAfD[x@EbCAzAGVCdAW`@E`@Bt@PlAPd@BbA?|AAv@Gl@@n@C`CJ`AE~AOt@C`@@lANtADxFB|BDtEExAKd@AlAB~@F~EEzKBlAGz@?pAK~@HlA@t@FxAKr@KVAxBBt@DjA?p@BhA@dAEjAF`AB~ACNK\s@TcA`@qAXs@v@mCp@sC^sAv@}CNc@NOFARFbAv@t@X`@D`DFdCCtCB|@?|DObC?lGJrJGfB?bFJzBEv@G|AChEF~BCtH?`ECtAB`@BfEK`FAz@BV?j@MrAk@dA_@TGTC`@[`Bs@jAw@\Q`Bi@tF{BtAe@hEcB~Ae@pBUt@M|@QfAYd@YPMh@}@dBaCVWPCJ@PJxDnCpC`CvAhAnAx@xCfCpCvBp@d@lFlE|BdBtDxChAdAlCdBrElDf@j@`Az@dAdAp@`@`At@~@\pBxALDXELMBK@[CqDFSNMRCpG?v@EjDEl@@~CARBFP@vAC~@@n@HrABHFBj@?FH
10150962688,oywbF`gmgVVAJKDQLaB@_@A{BEQCGGEUC}@BmE@MBKTEh@BzA?fJCzCEXMRIDK?UGuHeGwAaAaBuAa@U_@]eBqAuD}CyC}BsCaCuDuCk@m@wHwFgBuAqAiAo@_@oAaAeCuBkBkAaDoCyAcAkBaByAu@}@w@s@e@y@s@MEUFQLs@hA{ArBo@r@_@TkBb@oD^gAXuFzBw@^{Ah@_G`Cu@^iBdAYJ[@gBr@wAn@m@Pm@L_@ByBCoBB_CCmFDiCAcCFsB@{EGsBDcB?_GIuEJqBAuABmAC}@@yBCk@BcEFgDEaDBi@AeAF}B@}ACq@@wCEmB[[QoAcAOGG?OFU^cApDqBbGmArEg@rDGNKBc@AcABeBCoC?gAEiA?eBKcAAaABsBX[BmBMw@I[?{BHgAHsFA_BD{DAs@GeACaAKqBF}CXgADkDMaCCuC@sBMcBSYAYBaAJ}CPeCAsFD}AKeASg@E[@}@Nu@DuADgA?{CVeALwB@wACeBIiCQaBScAEiBDqBAMDCDAHSFK?SMSUQEgAKqB[eJkAaBW_AGs@?q@HgAXaE`B{Af@eFnBgF`BsBv@aCl@}AVUHo@d@w@^UH_@DUHmDjCkA`AiBpAMNE@CEOw@KMWSMUsA_FqAkDm@wBqC_HaEmLgAcFo@cC_@mAc@kBaBeFa@_Ai@eAU]W[]YwAw@eBgAkAaAw@aAi@gAs@wBe@iCU{AAk@@_ABENeBTuAZuARg@bB}Cr@yAx@qArD}HfCcFh@}AXeBP_BDwBC{AKgAc@mCKa@y@}Bs@gB}A}CESBI@i@}AyDi@{A{CcI_F_Mq@mBg@gBYgBWgDOgAWmC_@iCYuAe@gE[cDKcBAcBJcCRyAt@mDj@}B`@oB|EqRf@gCNgARcCDkA?q@C_AOaBGwCIqAIWOSKGWGYCmFj@cBNkAB}@CoCa@}A[kA]eBm@{@UqAUsAO{@CmB@gAFoBVy@VqG`Dw@h@s@LSFi@Vi@ZmAl@eDnA[FgDbAgB`@kEv@}@TiCf@qDh@c@@m@CeAQa@Ky@[u@a@s@e@mBcBgC_BeDoAuAW}BS{@AeABkAH}@L{A\y@X_Bv@Q@GAGEIOKo@O}A?i@FONKjAQPGJK?WKw@Ca@CO
10150962894,qlncFbrcgVPn@N`@F^FPLHz@BxBQRE?w@I}@@UDGDCP?x@NPFJN@JOpB?t@@l@H`AJTPDt@@tCT~A\h@P|At@lBhAvBlB`At@lAh@tA^v@DbABj@EtAMbASrFs@fDk@tD{@jBi@PCLDDJBt@XlCV`GFhBDdC^tIHnFn@~FTtC\fD^pCR`Ap@pFd@rChAnFr@rDh@pBf@bBN\RTRFTBT?|AKvBE~GaB~D{@PKLRJt@Rp@Zh@z@n@xDpDjBxAlC~B`@\^^b@\TLn@Pj@FRARGbAi@VINAD@JJ^hAzBhFlAhC|@fCdBhEbAvD`@bAd@z@Pb@VlAZfCDv@@`BGrAOzAWvAMd@Yn@{@`Bq@jA_@t@qCfFc@fAg@`ASl@i@nAaAhBw@`Ck@nCMdBBtBVjDb@fBn@bBXn@v@dAp@x@jA|@hBlAlAdAt@z@j@dAp@lBT~@xAfF`@fBlC`JfBhFp@dC^fAjAzBj@tAHFLDN?ZGB@BHHx@FRz@~Ar@fBnAnEFX@\HPJFLAxA{@|AeAxA{@lBsARIh@KRGhBeAzB_@~Ac@|K}DpAi@jCy@pAk@fA[zAk@hAYr@I^?t@F`BTjCXbFv@bE`@JBRVLFNAZQLCh@AhAFlAAbBKlASf@Ab@FfAZhAVtALxBFh@AdCWfACbB?xAGbAKjASb@CT@vAV`DRp@@jCEhEFfBSbAGzAH`B@bAHl@@tECrFHx@EVCr@Qr@Ex@B`AHrBB|@Cx@BnAHxCD`CK|@?hBGz@K^AlAJ`BBn@Cj@?v@InACvA@x@HjE@dBDnDELENM^w@b@oBlAiDl@_CtA{E\cBN]LMFAPDfA|@d@V^Fj@B|CCzCDbB?nAE|CB`GCtB?fAD~BCzE@rBCnBB|@E|@FlB?fFKdEAvDDfLAb@DzAIhE?lEFh@Ch@MlAe@nAm@j@STQbAa@fAs@t@_@`C}@pC}@t@_@jDsAbCiAfBe@zBWr@MzBo@ZQVUj@w@|@gAp@cALMPEF?PHlB~A|B`BjA`A`DxB`ErDfAx@lB|AtA|@r@p@fBrAzApAnEpD\T\\l@^h@b@|@b@\TpBfBpAz@h@n@vArAdBfAn@XXPtAfA~@|@\LH@LEJSBi@C_B@mADUNIRCx@B|A?fBGjBBrCG`@?n@EhB?|@Bz@CP@LFHJDN@nB?`B@r@?FGF_@BKD
10150962564,aywbFxgmgVXEHIBQDwC?}AC_@IQQIUAy@DaD@[BQFKLGf@?vDFfFGxDIf@MNQBUG{C}BqBaB{B{AiB_B_@_@{C{BkD}CmAw@cAy@aBkAuBiBuAgA][]O}FkE}EaEgGsEgGcFmCoBy@q@]Ui@Wy@q@_Am@w@o@o@k@]@QJoB~CaAnAQNSLUFiBZkCPgARa@NqCpAwGbCsGdC{@j@sAn@oAd@sAn@aBl@a@HoDAoBDcACqB?mAD}BAkD@iFEmADeAAoDBuGAeAGyBFmO?yAF{MEsDBsAFsCCaC@a@Cm@Q]SoA_ASIS?QLQTYfA_AvCy@xCQX[|@k@pBYpA_@`DELGBu@AgHBaAEeBC{@IqCEUBg@LyALsBIo@GWAaFPqDAoCDsBAcA@y@E_AAmAOe@CoADq@J_BNeABeAAy@CsIIyAIoBQYA{C\g@BwDEgC@iABgACuAOy@Oc@CU@gAVkBF_CBiCV}@L_@?uCEuDSoBScAOg@Ec@BcAJkCEMDCD@FOHQ?KE]]k@KsIeAsAMy@OgC]m@Em@?cAJmAZuGdCeEvAqEbB{EzAyD~@SHc@\w@f@w@JSJsElDmBpAo@l@E@S}@KQ][KUyBcIo@mB{AwDoBwEsB}FeAsDaAgE_BeGs@_Ci@qBe@uAw@sAm@q@a@[uBmAqA}@kAeAq@}@k@uAe@}AYoAm@yDAWD}@RmBRoAj@qBjAaCbGyK~DkIb@iAb@{APsADcBAgCQ}BGg@k@}B{AyEcBaEgCoH_@}@a@oA{@aCyAmDeC_Hq@}Aw@mCu@{EMwAe@cEeB}LS_BMyAEcC@iALkBL}@vAsGp@oCl@oB^gBz@cD\aBt@yCZaBZ_CPiC@eAIeAQcGIuACGQYQKSIa@CuGr@}ADcBA{BYi@KcD}@}@]iDy@eCMyBFu@FwANcAV}Ar@}@f@eCfAs@f@wA^aCdAmB~@c@PaAVmAd@wA^{Bh@}Cj@eB`@sATwALwAXaBNa@Cu@KwA_@g@Wq@c@kC}B}AaAkCmAi@QuA[aBO{CIk@@kBR_BZiA^oAl@ODM@KKQm@WoAKcABQLIPGt@Il@OLKBOC]GYOUIc@
10150962403,}`sbFfeqgVZBHEFMJq@JKDAFBx@bAfBnBhEfFb@p@FXY~DIxA[pDBl@Ib@C`AUjDQ|DQrCQxE_@vEQfDEfB]dGKjCQlCM~E@zAGvC_@pPGfJMnGKtIKbRIvCAzCIzBSxOEzAG~GEdRErA@lDUnN@`BH~BFj@Bv@NfBHfJPfKV`DHhBIvBG~CAVI\O\_@\qD`BuItCm@LeAHgABqC?iAEyABeG?wACcDNcGH}AGwEBiD?_ACuBD{FAqIBiGEiC@_ACoDHkHE{@B{@E_AD}ACQKEMEUA{@AoHBgF?mPCuFB}BCeCE_@GQoAmBI[Ca@@kP@m@NyAD}AEoG@uIC{CDmBHUJGNAtADn@CXBpA?dCAdCElBB|F@jCA~AGr@?`@GNYNg@XaBJy@B}@Am@ImAM}@k@_CKk@Eo@KkCQ_FUeMW}IEmDc@eLa@oRHqClD{t@NyBPgEHa@N_@CBAMB_BDSFEFAlCt@f@HlALnDJb@C~AWhBi@H?VRVEFKFo@Jg@xB_IbCoJfBoGR{@L}@Fm@HkBf@}QXgGb@yLT_MD]VmAHu@Dy@CiABUFIF@NL^P
10150962207,oywbFrgmgV`@KDS?o@JmAAyBAOEMMIUA_E?gAB[BGNAv@DvND|A?lAJ`AHTNTz@z@|ExDhJxHrCfBlCvA~DxAbCh@~AZnBPlCJnD@rCHhAJrADxEd@`Fp@`Cd@`B^bCv@lBl@vAh@rDjBlBjAxAfAtAz@|AjAd@f@pAbAdA|@jDrDlJbLz@hAx@x@fEhFt@t@`BrBtAzAbBxBbBrBLRHR?`AC`@GRI@CE?IK?
10120892042,uihcFvgngVCCLk@GsA]aDaA{FOkA?IFABDDl@JZBDJAjCsArA{@hAw@~@y@b@YPIh@IPIx@_@d@Yj@QlB]fA[vHsC|@U|CiApAa@`GyBf@Oh@MrAMt@@bC`@lEl@|Ef@rAR^HFDJRNFTCTQPChCBbBGv@A`CXhDV~BHrB?zEe@~DIv@Gr@Q\Cj@BxB`@lCVrBGpC?~@Bz@AnC[r@EnBNbDLfA?dBGhBAfADjBJ~@CxAUfAG^@n@Jz@?l@BhBEhB?n@CdGAz@EtABvAKT@n@LnBF|AIhAKpCAv@BjGJ~@C~@@~AAXYZo@f@kB\eAVaAXy@x@gDv@oCf@}BN]LIHAPF|@v@ZPh@Nj@FxFEpBD~@APBlAGr@?|ACxB@hBFpB?p@Ct@DvACnFA|AE|AFzAGrALz@AhBDpBI|@AbB?~@DdA?pBA|ADxBChAGrBEpBFhECbC@jAE|@B\?\Gp@Sp@Kv@_@f@Qn@_@vAi@tBoAxBy@l@YbA]pB{@xBw@|EkBjA]jAMp@Op@I~A_@^WTS~CgETOL@^TpJhHhAbAj@l@bBjA|D|CxAfA`FfEzEvD^\p@d@\b@jCfBv@r@r@Vf@j@hAv@Th@XXdAp@h@l@JFbBv@r@d@bC`Cp@PLCJMDUBoCHeADQDGLExAChC@bAEjCCjA?d@D\CfCEp@DnA@JDJRFxCGx@?n@CHW?EH
10120892275,qywbFlgmgVb@CJCDMH{B@{@AaACSGQOMSA{ADgD?MDKREb@@hEGvKCVMNSBSIcJ_Hs@e@mLoJaBmA{CoCmAy@aDaCi@i@qA{@uAcAyEaEoAaAg@UeAw@wD_DaDaCiFiEwAcAqAs@m@g@kBoAQIIASFSNoC~Dc@b@]R_@LmATyDb@u@PcG`CgDlAoGhCkCzAs@TiFrBi@LeJA_DBcADwHEcA@uEAcABwH@uBEUE_@?aABqB@aABoGAmBDyB?mCDmA?eACkFA}DH_DCi@@aC?UA]M]UsAkAWKK@UNS^{@jCy@tCWhA]`Ak@rBa@rAS`AWxBGLKBoIF}AGuA?q@IgD?I@]J{@@WFy@GgACs@IYAqAJq@@u@FsDCuIDiAGy@?eAOe@AcADsE\cABmDKcBAmD@q@EoBUi@Cc@BgAPcBFsCCeG?{BMiAQc@Ce@DaAP}AHgB?yBPiBR]@cBCcAEyE]yBSgAGmA@i@BcB?KFCNKBU@KE[Yk@OwMeBaCWaAGu@?cAJ_@Jq@X{Af@yG`CoFhBsFrBs@R_C`@_@JqBfASFe@J]PuA`AkBhAsC~BSZC?GUWY]m@KSc@iBkB_JQ]YeA}AsD_AaBmAoC{B}G}@yDiBkHy@cCi@wB_@gAMYOYqAsAqFiDeAgAY]Wc@m@uA]qAu@eFEm@?{@K_@UOuAQiAWe@OQMQMaDuDc@c@}C}BcA}@WYWi@SUwAoA_CaC{BmBcF{EYQUEeACg@G]SS]EWAYAwDHaDAiEDwHAcAIkHa@qHEyB?u@Fg@Jo@|@cDXi@NOj@c@\e@Ja@?y@HQBAQ{@MMGAkFTe@AUIKOQa@{@mCc@cBiBmJu@kFq@cEmAwJYwCi@mGIcF[oIGaDY{GKqAUwBEw@MAU@}@X_E`AoFbAsC`@GBAYIa@GGGAYDm@\e@LoANk@Bm@GiASs@S_@MmAu@kAkAw@o@oBqAaBu@mCq@uCQqAEi@?aAHaBPqAVi@NqBv@OBEAIK]gAOgACe@FMDCv@Ml@OLEJIDM@YIi@KM?i@AG
10120892008,klncFhrcgVJn@LPPv@NJt@L~@G`ASBEHc@@UA}@BULIRATDVJRPHVA\Kx@Ej@?d@Bv@BJLNH^LNRFfACdAFfBZpA^xAj@~@h@z@l@vBpBd@\h@Xz@`@v@TtAN`@BdACz@I|@QtFo@`F_AzEmAzCgAxCmAbCwA`By@jBgAdCoAx@YhB[jBKp@AfABz@H|@Nx@PvDpArA\pATrDZtA?jBIlCSlAOP@LNFXPdCNpDE|COfBa@`CWfAyCdKqC|KeAnEWdBMnBGnBDvA^fEl@rEVdBz@|El@pErAfHj@pBr@tB\|AhAnD|@bB\|@h@hAh@`Bn@nAp@vAbArCnAdDbAnEp@tAn@|AXx@Hh@LtBE~AOxBS|Aa@|A[r@}AzCqBtC{@dBYx@EVGAEHqE|J[z@Ot@MlAU|A@vCPpCL`A`@jAnAxBv@lA\b@d@`@x@p@rBrA|AvAf@r@|@hBPd@zCjLd@zBZnAzEfNz@pCdAnCNd@PdA@@\Cd@i@HCB@\pAv@zAf@xAv@fDd@~ALPJAf@_@v@_@tAy@lE_DRK`@GTGhBaAVI`Ce@xBs@zHoChOsFj@Oz@In@Az@FlAPpCZjBVpFp@xAVPVNHNC\UJA|BBdAAdBK^DpAThADhCV~DJj@Cp@IxCWbBCv@EhAMr@Q^C`@BpATvDVdABhCA~BDjAAhC_@`@C`@BpDZbADfDG`DCfCFz@GhAOn@Az@Bx@LR@bAEr@@bAChFBbEAz@ExAA|AQV@r@HxAFzAI`AKd@CjBDxAJ|AD~DBvBA~@CTGFELUZqApBoGl@{Bj@qB|@oDP]LIF?NFv@r@RL^Pb@F~K@dEExDB~DE|C@pAErDDz@AtD@`ACp@BLCpDAnAD~EAfCBdCEjI@pBCrFCbAC`G?v@MlAe@tEoBrA{@j@YnS_It@Wj@MxAM`BUbBg@\SROxC_ETSHAF?ND`DbCpCnBbAz@nAnAh@n@t@p@|A~@lBrAtAbAfA|@XZPDbBtApBpBpAx@vCxBbBvAdCbBrBdBjA~@fAbA|BbBr@\ZTbCxB`@BVLNBRGLQDM@_@E_DBUDGPGTAdABhCCxA@|BEzB?|AEjD?P@NJHRBVAtBIjABp@CDWFCD
10120891748,gwxbF~`mgVD@DCBOASI[MMICS@YLKLSf@GHI?GEmAeA{EkDeG}Eg@c@]c@aGkEkFkEmF{DgAaAu@i@_EaDwCwBeAk@wBeBeBkASE]HSNuCvD_@\_@Vc@NuAVqBT{@Po@NaFnBqFlB}EnBk@XwAbAmDxAsBr@q@NqI?sBFuCCaICoHDeL@gAIeAB}IBmEDkAAwGBiGCs@?gAFmKA_AEa@K_@UoAeAOGQ?GBOPSb@wB`HYv@]t@Ur@cAlEWjCGNIHkI?sDKo@Gu@?iBBiCZuEYsAHk@@q@FsAByEE_ABaDAeCI_AIo@A{@DeALcCHgHGqEAeAEaBMk@AeEVkH?oCCsBM}@K]A[@eAPq@DcADu@A_A@gEd@c@@qDIgEW}AU}@GoDFoACI@GBEPU@[IUUcBYkLsAkDg@WCe@@}@H}@TePbGqGzB{Br@eCh@a@JiBbAs@LUJaAr@}E~CaAv@]d@Kq@MWW][}@mAwE]iAMi@QsAUy@i@gAs@qAoBiEcAqCeBcF}AoGyByHs@qCQi@g@iAsAcBYUaBaAeBiA}@w@m@w@u@uAg@wA]{AUgBEmAAo@@_AF{@Dm@PiA^aB`@_AxA_CzA_Dn@kA|@gBjAyBbBcDh@mAd@qAXaBR{BBs@CUBYCiAKiBWgBUcAaAeCaAuB}@{BEWMk@y@}Bs@oCgAkCmBcF{@eCaDyIe@uAYgAa@qB[wBi@yDU}Bi@cEe@eFg@_EAu@@eCLyANkAfBoGbAyEvAuFXuApAoFV_BXsBJ}A?_AKqBMoEO}BIUOQWIWE[AyDb@qBNaABiAEc@G{Ew@_AUuAg@oA[aCa@e@Eo@AuA@yBHoANq@RsHjDq@b@EB[?YDgB|@_CbAaBl@s@R_@R}@\wCr@uDp@wA\{AXs@FaDh@cAFW?q@G{@QoAg@}@q@sCiCaCwAgAc@}Ac@uB_@a@E{BE_AB{ALq@LoBh@oBx@SDG?GEMQY_AMcAAo@HQPK|AQLGJKD[I_@Q_@?WBE
10120891536,wfxbF|sqgVGm@DQHE^@LCHIH]BmB?uCDy@CeBFqAEe@EuFCi@Gi@IYMUw@cAs@mAGOEUJyAKqKFeD?oEC}ABoGCi@Iw@A]CaC?aC@k@DYn@cBNu@B{CAmBDc@LQl@_@POX[\i@LUHYNu@Hi@?kACsBB}DGaM?mGBg@FSFEPCbFC\DLHFR@XArBC|@Bx@CJEDg@HCA?JBD?I
10120891534,mbxbFrvmgV?jIEfAW`AYl@i@n@y@f@MPCJAZH~AA`CAv@Mv@i@tAId@CXAj@?bBBzBL|BF|PAnBCbBBfC?fAClCKfBF\P`@r@hAp@x@LVLd@Dx@BbB?vCEz@BNJHt@@`@H\PLNBJ@b@CdAB~FEb@CHQN_@BgBAc@BODMR?FRz@EF
10120891432,kywbFjgmgVf@CDEC_@FaDAcBq@U_FBS@QFOREJCZAvK@fBDzB?jADd@FXNVPR`HjFrCfChBtAdBzAn@\|B`Bt@X|@d@hE~AdB^tBZdAL`CPtIFfEVpAHjCZrCb@n@FrB\pBh@nA^fCz@hBr@hBz@|Ax@lAv@r@n@
9952744233,ag{bFfk~fVaBhAOLEJCLF\f@xAzAjD|@pCP`@LNFBRAb@QL@BFApAB|BD^zEjMN\JJPDr@OtGUZ@b@Hh@S^E|ES~@@B@?FzBOd@@P@FDFL@dCFPFDXB`A@hFOrCCT@HDLNJb@Dv@LfF@bCRpH?x@GhC?nAXbO?nANzJThK@zBGdAIh@Up@[l@uQnU_GzHcEdFsI~K_GlHwAtB{@`AaFrGk@|@kAzAK`@ARFTNPzA`AJJvBlCpB|CvBjE`A|A|EvGbBbC~AtBjG`Jd@bAd@vALp@LdALhE?bRBpJCxCBtHErQFdAHr@FXb@nADd@ANH\JLFDTFV@pDGrC@nDIxAB`HA~HGL@LDFNCd]DfJ?fKAjDBlC@fIAfD@tIB~EAzCDtGBv@PlB@|CFJF@HWBi@C{CDQDGNGxBEvK?`ABnCOfB@ZFLJDP?XKrDFbACHGFc@J
9952744361,{{wbF|hmgVEqBAuB@mABq@GEEGQAoABeAHKHITEdA?pKCxDELGHIDK@ICwB_BkKiIISc@_@oNwKqDuC{BaBqNeLm@[oOaMuAcAeAk@oDqCiAu@]YKGQCI@UL_AxAcB`C]\_@Ta@L{AViAHmAPuA\{LxEgFtBg@VgAp@[PqGdCm@No@B}J@wAEyJBqJCcB@kAC_BBmEAqB@mAAyCByL@{BDiCGqEHKEUC_ELsH@g@Ea@Oo@_@q@u@SEI@OLIJ[r@}AzE{@pC{AxFe@zCENIDaAA_BBoAEyA@w@GoB@o@KkAA_BFi@Lq@@YD]@cAI{AGcAFy@AyAB{BCcHDeCCaAE{@@oAUe@C_@BoAVq@@gALq@BaHSiE?aDUo@?oAPkA@OAi@Oa@CgGl@a@J_A`@UBa@KoAu@_@Yi@k@UII@KFw@r@]JgAByAAq@BmEh@wAEsB?iEWoASuA[WCY@o@La@D}ACa@@K@EFAHBBMG[C]YKEyDa@eDc@o@KuBQ_C_@o@Gq@?gALeAX_YbKyAb@mDx@UJq@f@i@VSFm@FULiIlGY\I@C?e@aBGKMIGMe@kB_A}CkBwFcEqKwBuGe@_BeAgEmBeHeAuDUm@Q[Ka@MY_@k@_@c@s@k@}@i@}B}Aq@m@w@_Am@cAk@_BSs@ScAOoAKyB@kABm@PwAj@_Ch@yAzAoCnAcCjF}Jz@aBf@kAj@kBTwALyADyACiBMgBQgAWcAuAwDwBqFo@wBy@mBoA}DeAgCoAkDcA{BaA_DuAqDi@kB_@_C[gDOaAaBsLc@oCWsCEkA?gACk@BcAF}@VeBNy@hCsKlAgEj@sCtAqF`@yAJg@V}DByBGiD@{AAq@Gq@Og@OUSSUIWEWBgAN{DZqBF{@Ac@AiBSuAUgGmBiB]sAOe@AwA@eAD_BRq@Jc@LmCtAcC`AmAt@a@RcAZ}Ar@qDvAcBh@sDbAILmEr@yA\}AXyEr@c@Dc@?o@Ec@I{@WcA_@aAk@sCmCiAq@{Aq@gBq@c@KsAUoAKo@AmBBeAHw@N{Bl@w@XeAf@QBGAGGMSS{@KmACg@@UFOFERCx@E`@GRGJKDSAWK]SY?g@
9952744179,yxwbFpgmgVRCJKCw@?}EGUOIUCw@FcB?wBCIBEJC`@?xE@`GDbFDj@H`@JVPThAbAhDjCnAjAhAv@rDjD^XbAj@LJb@n@`@VfBn@jBx@xBz@r@PlDp@rBTjCTz@BnC@nCDpBFjCPxC\ZHlDf@rB`@`Dx@xBt@dC`AnD`BvCjBd@d@Fm@LoB?_CFIDAn@ZFBFCEA
9896495708,wxwbF`gmgVVA@G@UAe@DyBCqAASIOMEQAi@Do@AmB@aABQJKRE^JdUDp@HXNT\\`D`CpC`C|AbAz@bApA|@zBdBnDzBjAh@hA^`CdAn@NrANhC`@|BRx@BdF?fABxCJxALtADnAL`@?e@b@Z[NEF@bGjAfB`@zAb@lDlAhBv@vDnBhIpFxC`Cn@h@hChCnArAbOjQxCvDfE~EvCrDhBtB@@CBB@r@~@~@~@`D`ExBdCz@jAhArAp@|@vFnGfAdAz@bAhDnDdCfCbB~AhAxAb@d@bCvBvLxLlEfEdDnD`CjCZ`@pCtCfAdAz@`Ax@v@bAhApBjB`FfERXj@dAAD@LHf@Nb@NXZ`@x@v@^Rr@XPNJRZpAd@jAJPj@f@nBzA~@|@T\\v@NRpA~@`BdB|DrF|@xAr@dAr@nABZJZ`AnAbA|AfBfDx@hBvAnCjDdGv@lAt@v@xB`BfB`BxC`CxB|BbIbIdAjB|@hBbElH`AxAtAzBfDdFp@lA`ApAl@fA`@fAZrAv@vJJ`@l@`A~@f@vAbAhAfAzDpEhDfERZLZF^vAjM@F?ADDB?BEC]YmAkA}JIc@IUe@u@gAuAgAkAyAgB}AcBcAoAYU_Am@gAcAY_@KYE[U}B[qCQo@c@mA[wAcAaBiAsCg@w@gAyAwA{BoAgCwAyBiDcGkA_Bw@{A_@g@m@o@uBiBg@m@_ByBmBcBwB}AkBcBsByAs@o@e@i@{@sAoAcCaCkEm@mAk@{A}AsCiAkC{DaHeDkE}F_I}A}AeCmBcBeBy@qAaB}DeAaB[s@[]{@}@yBmBoAoAwBwBeAkAw@u@mDmDaDiDkAeAmGqGqImIkGsGwGwGaCsCyDyD}AcB_AgAg@e@}AeBeD}Dy@u@iA_ByCoD{BuC}EcGaRaTaCaDsDgEcCyCqAwAkEmEw@q@eFwDOGG@{BgBi@[kFeCwGyBwA_@cB[qCa@o@QsFa@mCI{BK_E@eBHo@CqAYiC[a@IaAa@iAYuBq@sD{Au@e@y@q@s@g@mAiA}BeBcA}@{AiAkBaBgEyCQQMUIWA[F{C?gJCcDBOFMTG`B?hCIl@JFP@TAlBCz@DtAKVa@AIE
9877102182,yywbFngmgVNC\@FCBKAmBBc@A}BASEOGEGAaB?k@A}BJWHEDITChAAhJH~G?DEC@NFh@Lb@PR|GlFjFpEhCtBfDtBpB~@bAb@jC|@bCh@fDb@xBNvIHhDPbCPxBXJCtCb@jCf@pD`AxFrBpDdBpCbBf@d@Jm@NyB?eBBQBCJ?VT\N
9877102227,ez}bFfbigVd@BVClB{@jA_@tBaAlBiArCsAx@]bAi@bDyAZGL@DBFNLp@^fAnAxErAjFXvA~A~Fd@pBXtA`@bAh@xBtAdFVt@NTRRpEhDfCdC|C`CTNHPRP|@j@dDdC~F|En@f@rBvAvBlB|@j@rC`C|BfBpAfAd@d@dAx@x@x@hD`CxElDbA|@pBxAxBfBfAx@xCnCrBrAhCnBnB`Bt@r@pAfAzDjCvBlBh@?FCNMDKDm@?}ADcAH]NG^CpDDpKChCDtAA\DDBHN@^A|A@l@Eh@?`@AJIF]JAF
9873392340,iywbFlgmgVb@EDGBM?k@DuAA_ACsACOCEGCU?aCH{CBMDINALFzD@`JCnAGj@KVKBI@WIsNiLuCaC_Ay@aEgDyBeBqHoFgC}BsCqBsBcBiBmAW[yFiEkGmFiK_I_Ao@_BuAmA}@iDwC}CyBaBqAeA_AcBmAa@_@{AkAiC}B]_@Ye@Ug@Qk@{@aDkDgNQy@e@yAkFiSs@sB}@uDo@iBq@MYVw@fAWNWDq@DYDkBp@iIvDmEhBqDtB_@HSEKSW_Bs@}CyBuIoAaFMo@y@mCkCeKYwAiAyDm@aCs@uBAMB]Q_AKWMW{@y@Ue@CUHe@Pc@d@k@FYCMGFIb@
9852051494,aywbFhgmgV^?FGE}A@KFGLAd@@nAEfEAREJOBY?]MuIW_EEUGGEESAwABcE@qAFqGIiC@_EFyB?cAA]EOKIWEgFDoIIyCAsIEeBF{AI{Q@aFGeTDuHF]DGPGzGAtAC|FB`JOfB?hBER@f@JvAHRHPV@TCz@@fADZCfCFfWCtGFjECnMB~K@nAHbCA|HHnM@lWJtIAlDBjDEtB@`@Gz@ArCJrQIhKH|BCzGBpCEnL@jEF|DLfAPv@Z`ATb@^j@XZp@f@t@\zAPnABdHGz@Mb@?`@Bx@J`@H^N\TXXxBfC|@~@T\LTLf@RpB@`@ERCXBfEIlD?nAGIGZYrImB|`@c@hKS~GS|CIzBRhGFxDb@vPFvAHbE^|KJrGH|BFvEF~@PlAPr@`@dAJd@HfA@jAIdAa@jC}AfHk@pEyAnGg@`DcAjEyArHMt@SvBg@`BMl@C`@@d@VfDAhEDTNDFCFGF[CsDEo@Kc@UmBA[BO~@uEtBcLbBkI^{BrByJz@cFv@uDFg@FeAAwAMiAQw@c@oAMi@Ii@Ei@SwJSuFQwKIkCBUEcAAgAOkFKsBi@{QAsBLaDn@sLr@iOb@uLLaBRyDLaBp@uNAoH@g@FWFGPI`@EVGRMPQNSPc@Ji@Fi@AoIBuMI{EBoC?gFE}I@}EDaC~@kREsBDe@Hk@E}@E[GKGGKCw@Fe@@iBKkFUyDEqA@gAAeAGeBOgDu@{CcAwBaAaA[qAw@aBkAc@a@aE_D{BkBuAgAiAcACW@GHEN?`@LJCHOFy@@{CJc@LiA?_BEeA?qACEGE[CI@
9852051585,cywbFtgmgVJ?NCFGBQC{@Do@DQEi@?eBESKGOAsBEkCFQ@QHIRCZBhPCx@EZMRIBK@WIwAiAcAq@iDkC{AqAaBmAmC{B}CiCuB_B}@y@aCmBuAeAyB}AMOYUuEgDkGcF[MOKkGkF{OgM_JyG{AqAgBwAiCmBoFmEkBsA_CiB[_@Yc@We@Qi@eF{Rc@sB_B}FkBoHgA{Dw@wBcAiE_@oAIKUDmAd@gPzHkBp@qHnDWHI@ICOUqAwFiDwMy@oD[{@}BsIy@qDYaAs@mCqAuFS{AIYOWiA_AQUAUJ{@LY`@k@DQ?SGDC\GJ
9852051544,gywbFjgmgVPKPAFG@GCcGCUIOQG}EDo@BOBGDIRA\DnBBhHCdEA\IVONI@KA{NgLs@o@aBoAaBuAgF_E}CiCmDkC_@Ya@c@cFuDiDkCsAqAOWCUCiFBmEC_C@oIA{EBeFIkSBsNEaCJs@?kAGsAE]e@uBGm@Am@@m\AqGIsKFeJAeCA}@G}@M{@WgAc@oAk@kA_@k@{BsCc@o@Se@cNiRq@gAkAoCiAgBaEsFe@g@oA_AMQES?IJSj@q@~@sA|@gA|@oA|BuCrC{CVe@AKBENSRWb@[hAyAzCeElH}IhA{Av@}@lCeD~BmC`B}B~@kApDeFhCaDjDwETe@F[Fk@?k@QiGAaCASGMAQMoDMyEE{ESuLBaAL{A@m@BsESeGC_CEu@Ka@Ge@KuCCMQYOOWGkAGa@K]Q}@s@UMc@Mc@Ic@CqCLg@CqDT}@AgADm@?OCR[
9852051347,kxwbFdgmgVLAFIDmA@uAGoBCQOKa@E}EHy@AqABsL@c@CSEMOCMA_@C_UBsFEuE?iGKcj@BcCC_HBmFAwADs@ECm@?g@FuDFi@Bg@?o@DuGAo@EICCGAoMB{F?uNCi@k@sFEsAHsMHkBNsBBaAA{CEgAE}D?gEDmDAmAE_@kAgE]cBeAqBiLkPuBgCwC_EkDaFgDoE_BeC_@o@Ma@@ILU~GkInFqHdC_DnAiBHS?GeNuRaCuD}@oAQY@ODI`@g@r@m@TUfCgDz@wAaBwBwDcGSi@G]Eq@GcFQgGa@yHBq@O]Wc@sE_H[k@]_AAIBKs@{BYoACY@WJUtE_FpAyAFSEU{BqF}@mCi@yAEc@@{@CaAEgACQKIG?k@\O?EEyBmFCSO]u@yAq@iBCODOt@e@fA_A^Qp@WLCP@
9852051356,axwbFjfmgVF_B@yACuAGQEEICWAy@BuDDYBMFEFEV?vNDzA?dCBh@FXR^ZXrDnCrJdIxEdDz@b@fChAjAb@jA\zAn@h@Lv@HtF`@fD@fCDdENrDVtANBB~@JdDh@dCh@vDhAhA`@vClAtCvA|BxA|DnCfFbE~A~ArD`EtDxEjBvBfHxI~@dAjA|ApBxB|CtDjAtAdAtArFxGzClDtExFlBtBxAtA\l@Z\zA~AzAjAb@`@v@~@tB|BzBvBrDzDxFzFjEbEhChCnH|HpB~BxBrB|CjD|B|BfCxBlCnCb@j@nAnBdB|CdC~DtAxA`CfBlAjApGtIrA`BfDtFTZNXJ`@ZWDMEUkAuBeAaByBmCkHyJcAeAsCyB{@y@q@y@]i@c@y@k@wAs@}AiByCsEaEaCgCcF_FgFmFSSMG[a@gDeDmIyIaA_AuLwL_BeB{B_CwBgCeCcCu@w@iCwBiBeCmCaDq@s@CE@Ii@e@Ui@yBsBqBgCw@iAeAsAaEsE_FeG{DkEoCcDkHaJcBiBcBsBwAaBiFiFiBwAuDmCGAkHiEw@_@qDsAeCw@iBg@w@Q_Dm@wHs@kHWcHEkBOmAMiAQoCq@cAc@{@WeBw@m@Q]MsA_Ao@e@_BuAwD}CaA{@{@k@{BoBCMDm@A{A@mAC_@Oc@CY@iDCsABq@DITEN?N@DD
9785327524,cpybFpqofVQXGP@VHXdErGd@v@Pd@TNn@rAtCbFx@nAbCdEhDjFxCpFFXCTEHeEtEeH`HyCpC{CbDiFfFyApAyB|B}F|FyCnCQTkBfBgDjDwBtB{ElEmAnAaCvBqArAqCdCcCbCkE`Ei@j@{@vAQTa@ZaB~@wAhAc@f@wHrHsAvAaDtCoFtFcCjBsAtAaDvCuBtB{AdBuGnGmAbAeCfBiAjAqAbAVJfAhCvDxJ|BtGv@`AzBrBf@l@l@~@|@lB^lAVlATrBXnDX`Bh@`BnAbDdA~CxAtDzAxCbDlFvChGhH~L|@dB\z@Tz@Jl@AZKVg@d@{CtBiDvBIL@Hx@fBrAdDrDnKnB|EhAxC^jA~@`C~@tC`GdOzApE|DxKxBhFzAfERb@f@z@l@jBbAnCjApDdExKdAbEHPl@x@NXj@nBTb@hAtDlCfGA`@^jAv@`Bt@rBNj@fAbDNZHHDNFl@D`CBVHHPDl@@tACzGWj@AT@FBJNHXFn@N~CXzCDrAEbFElIHrC@dBD`BB`FNvG?jBDxA?CCA?JJnDFhEDtAAv@Ov@KXW^wA`B_E|FiCxCgDfEu@fAeAhAq@z@wAvBsAnAi@l@mCpDiArAoBxCkA|AeBtBaC`D}@bAiBxB}CbEaCvC}A|BKTCXDXNTdAt@n@h@r@x@dBxBfAdBnAxBv@fBT^hBhC|@dArCdEbBxBvBxCr@jAlBhCh@bAd@jA\lANv@Bj@BhBHrBAlHDnDC`EBhDEzBGzGFxECdFBxCCzCBh@Fv@`AxEFx@C\Un@Cp@B~FAdFBxBA`C@rM?|KA`CBjIAfBFvC?|E@v@DVDJNRlA|@vDxC`B|AdAv@Z^T\b@N`@VpAhAzB`BrAfAxAbAb@b@r@d@bDfClAv@XTZ^TTrB|ApEpDxAbAjAdAjA`Ar@r@@??CMaCEaC?aJCcE@_@HONIH?p@?|@ET@LHFV@z@?vEBHHB\DRA
9785327339,s{wbF~cmgVKsAEsBEOGGQ?_CDOBEBKNCTEnBB`JCxDCNMRIBKAQK{GuFaFqDsAmAcFgEUAuAgAuAaA{BiBwAsAu@i@u@c@m@m@yGkFmDwCOKKOCe@C}BBiMCmTBqDCkH@oC@qNIqEB_BDcAGgAk@uCIqAAeEBmKAuGBkACuA?}U@oDCyEImAOy@m@{Be@iAi@aAcDmEu@iAkDsEgCuDeDqEq@oAm@wAoAyBgB_CoBqCc@a@_Aq@SWCQDSLS~AuBjAuAnBmCtGeIvB_DvB_CfB_CvAqBxBiCbG_I?QEQ{AiC_CcDyC{EoD}E}A}B[]OIICWNYXd@YXUh@{@~@mAt@o@HORm@VSAM
9772200902,ckfcFvwahVRiA|@gDxBkHf@sBbBgFV}@PcAf@cFd@aC~@cD|@gClBcHrAoE`AwDXkAA?nCyKnA}F|@oD~@uE^uAz@mEr@aCn@eCn@_D`@}B`AcEj@wCtD_PtAmGxBeJj@oCHo@jAuEl@uCbJm`@z@iDnAqF`@yAXqA^yAPg@b@cBbAaDRc@jB}CVs@f@_C~A{GZyAD[~@wDVoAhAeFfA{Dv@{A`@i@f@_@fCyAx@i@h@i@b@w@Tq@Jg@l@sD`@cDRs@j@wALi@Ju@T}C\{CLy@VaAl@}Al@aAp@}@xAuA`@g@^k@n@sAh@cBN}@LoADcBAcC@wAFgAVoBFgA@_CE_DBsB@cLBy@HgAHi@Nu@h@gB^{@Zo@t@iAn@s@d@a@|A}@x@[l@Oj@GtAG`AACAPAVKPQDMB_@I}@Ey@Oaf@CWCkB?wHGqO?yHEyF?qIAu@Eu@PkFJcBJgALu@Nq@t@oBh@aAx@cA~@}@v@o@fHiD`@a@Zi@Z_ALuA@yLDULMZQhGgCt@c@\Y^a@\i@Pe@La@PeAx@uCh@cCf@eBt@{Bl@}BPkAJcB?_DDuANcBVcCFw@BoC?wNDwAF]RQh@CtBBvKAfBA~D?zDAbEB~DGvG@pBC|H@pBChJ@rECnC@^C^I|Ai@pBy@NCHBDDL\xAhHf@~APVPDH?l@Mp@UlOeGnDsAvAo@nBo@BEBQMsAy@mDaAgDCS@IBILIlCg@RG^Sd@c@lCcEJKLCNFPJdEhDhGpEjC|B|DzCvB|ArBjBlEjDlCzBlF|DnDvCtA`A~EbEnAbAzAdAzFxEzDzClDxCd@j@LHD?FE@@DMOcCCgA@gGEmID_@HMPCr@@fAEJ@HBDLBlACv@@hB?j@BFDB`@ELBDB
9772201011,u{wbFnfmgVEw@HuBC[@a@AWs@e@SBwA@_@LIJCFGlAC~A?~GEjEETEDEBQ?]MaAq@{CaCmAeAaCiBuAiAk@w@ANH~C?TE`@@JJL@ZAl@@bAId@Fz@@zRBpBC~CNpdA?hX?h@DN@`F@zJAzAFhBErBAnPCtC?|@FlBAZ@hEEhC@nCCjBDjMExDJzGBdFDjXEp@DpC?pJA|BErBDrB@tCElEJ~G?bFC|@B~NBxBE`TD`KCbMFpE?bEApDEvDBjGCvG?~DBtB@tKCjEDtBA`A@~CDzC@jEB`AIn@A`FB~CAtCBdIDzA?dACfCOnDGxB?~UJfCf@|EJr@x@zDd@tCTpBNxBJnC@lFBrBC~GB`@@FHDFGBQG_BJoB@yFCeBKeDOmBU_B_@_EoAiHa@sDMuC?}BMgG?aDLqJPmF?eFJsCLmBBcAKmC@eAD_@Bq@GwME_EBgZEmE@m@CaPEkCFiFC{QDmCA}ACiLGoHDoEEaEDwLCqFDqGKkGFyGE}F?}BFiEGeLDi@GgDBsMAaAC[?qJI}F@mTDiEGeK@mEDqDCyA@sHGyCBwDEaD@uDM_W@mBCkJDUDGNIn@Mb@OrDuCPOLQJc@Bi@CgC?wIDaDEwF@{EAm@K}ACm@@gF@]Hi@h@}ANy@B{@EeEBa@NU`Ao@l@s@Tc@Rg@F[Hk@BmAGgG?mOEiG@WFQDEFCRCvBER@JF@FAn@Bn@EbAD|A?d@BDFBp@ADB
